title,url,rating,votes,title_lemmas,Жанр,Режиссер,Продюсер,Сценарист,Композитор,Страна,Монтажер,Художник-постановщик,Оператор,Формат,Год,Хронометраж,Сборы в России,Зрители в России,Бюджет,Сборы в мире,Сборы в США,Дата релиза в РФ,Мировая премьера,Релиз на DVD,Релиз на Blu-Ray,Дата ре-релиза в РФ
"Папа, сдохни",https://www.filmpro.ru/movies/342811,9.9,10467,"['папа', 'сдохнуть']",['Комедия'],['Кирилл Соколов'],"['Софико Кикнавелидзе', 'Елена Геладзе']",['Кирилл Соколов'],[],['Россия'],[],"['Наталья Белоусова', 'Виктор Зудин']",['Дмитрий Улюкаев'],[],2018,100.0,,,,,,2019,,,,
Золотая перчатка,https://www.filmpro.ru/movies/343787,9.8,6293,"['золотой', 'перчатка']","['Драма', 'Триллер', 'Ужасы', 'Криминал']",['Фатих Акин'],"['Фатих Акин', 'Клаус Спиннлер']","['Фатих Акин', 'Хайнц Штрунк']",[],"['Германия', 'Франция']",['Эндрю Бёрд'],['Тамо Кунц'],['Райнер Клаусманн'],[],2019,115.0,,,,,,2019,2019.0,,,
Шевели ластами 2,https://www.filmpro.ru/movies/8556,9.5,169,"['шевели', 'ласт']","['Мультфильм', 'Приключения']","['Бен Стассен', 'Винсент Кестелут']","['Домоник Парис', 'Джина Галло', 'Мими Мэйнард']",['Домоник Парис'],['Рамин Джавади'],[],[],[],[],"['2D', '3D']",2012,92.0,2644182.0,447321.0,,,,2012,2012.0,2013.0,2013.0,
Упс... Ной уплыл!,https://www.filmpro.ru/movies/334010,9.5,170,"['упс', 'ной', 'уплыть']","['Комедия', 'Мультфильм', 'Приключения']","['Тоби Генкель', 'Шон МакКормак']","['Жан Гуссен', 'Яна Бол', 'Эмели Кристианс']","['Марк Ходкинсон', 'Тоби Генкель', 'Франциска Фриде']",['Стефен МакКеон'],"['Люксембург', 'Ирландия', 'Германия', 'Бельгия']",['Франциска Фриде'],[],[],"['2D', '3D']",2015,87.0,1291796.0,452640.0,,,,2015,2015.0,,,
Ледниковый период 2: Глобальное потепление,https://www.filmpro.ru/movies/8843,9.5,316,"['ледниковый', 'период', 'глобальный', 'потепление']","['Боевик', 'Мультфильм', 'Приключения']",['Карлос Салдана'],[],[],['Уилл Эванс'],['США'],[],[],[],[],2006,91.0,17255243.0,4423445.0,80000000.0,623829763.0,195330621.0,2006,2006.0,2011.0,,
Шевели ластами!,https://www.filmpro.ru/movies/6190,9.5,197,"['шевели', 'ласт']","['Мультфильм', 'Приключения']",['Бен Стассен'],"['Адриан Политковский', 'Бен Стассен', 'Жилль Уотеркейн', 'Надя Хамличи', 'Джереми Бурдек', 'Домоник Парис', 'Кэролайн Ван Айсегем', 'Эрик Дилленс', 'Джина Галло', 'Мими Мэйнард']",['Домоник Парис'],['Рамин Джавади'],[],[],[],[],"['2D', '3D']",2010,88.0,2465715.0,381921.0,,72100000.0,,2010,2010.0,2010.0,,
Большой собачий побег,https://www.filmpro.ru/movies/335941,9.5,213,"['большой', 'собачий', 'побег']","['Комедия', 'Мультфильм', 'Приключения']",['Альберто Родригез'],"['Филлис Лэйн', 'Джефф Белл', 'Ибон Корменсана']",['Хуан Рамно Руиз де Сомавиа'],['Фернандо Веласкес'],"['Канада', 'Испания']",[],[],[],[],2016,90.0,1086625.0,360078.0,,,,2016,,,,
Не бей копытом,https://www.filmpro.ru/movies/13542,9.5,360,"['бить', 'копытом']","['Комедия', 'Мультфильм', 'Семейный фильм']","['Уилл Финн', 'Джон Санфорд']","['Дэвид Дж. Стейнберг', 'Элис Дьюи']","['Донни Лонг', 'Джон Нортон', 'Уилл Финн', 'Кейт Бакстер', 'Ральф Зондаг', 'Ширли Пирс', 'Дон Холл', 'Брайан Пиментал', 'Марк Кеннеди', 'Джон Санфорд', 'Роберт Ленс', 'Майкл Лакер', 'Майк Кункель', 'Сэм Дж. Ливайн', 'Джейсон Летко', 'Майкл ЛаБаш', 'Дави Лью', 'Дэвид Моусес Пиментел']",['Алан Менкен'],['США'],['Х. Ли Петерсон'],['Дэвид Катлер'],[],[],2004,76.0,773751.0,0.0,,,,2004,2004.0,2009.0,,
Побег из курятника,https://www.filmpro.ru/movies/5136,9.5,216,"['побег', 'курятник']","['Комедия', 'Мультфильм', 'Приключения']","['Ник Парк', 'Питер Лорд']","['Джеффри Катценберг', 'Jacky Chrisp', 'Джэйк Эбертс']","['Марк Бертон', 'Кэри Киркпатрик', 'Джон О’Фэррелл']","['Гарри Грегсон-Уильямс', 'Джон Пауэлл']",[],[],[],"['Энди МакКормэк', 'Тристан Оливер', 'Саймон Джейкобс']",[],2000,84.0,75550.0,0.0,42000000.0,171893915.0,106793915.0,2001,2000.0,,,
Сезон охоты 3,https://www.filmpro.ru/movies/24661,9.5,220,"['сезон', 'охота']","['Комедия', 'Мультфильм', 'Приключения']",['Коуди Камерон'],['Кирк Бодифелт'],[],['Джефф Кардони'],[],"['Нэнси Фрэйзен', 'Джимми Сандовал', 'Артур Д. Нода']",[],[],[],2010,75.0,5259789.0,1113588.0,,,,2010,2010.0,,,
Реальная белка 3D,https://www.filmpro.ru/movies/9142,9.5,275,"['реальный', 'белка']","['Комедия', 'Мультфильм', 'Приключения']",['Питер Лепениотис'],"['Дэниэл Ву', 'Грэхэм Молой', 'Том Чэпман', 'Том Юн', 'Чжон У Кён', 'Хонгджу Ан']",['Лорн Кэмерон'],['Пол Интсон'],"['США', 'Канада', 'Южная Корея']",['Пол Хантер'],[],[],"['2D', '3D']",2014,85.0,4726262.0,833193.0,42000000.0,,,2014,2014.0,2014.0,2014.0,
Вэлиант: Пернатый спецназ,https://www.filmpro.ru/movies/11659,9.5,180,"['вэлиант', 'пернатый', 'спецназ']","['Комедия', 'Мультфильм', 'Приключения']",['Гари Чэпман'],"['Роберт Джонс', 'Кейт Эванс', 'Барнеби Томпсон', 'Ральф Кэмп', 'Джон Х. Уильямс', 'Нил Браун', 'Кертис Огспургер', 'Марси Ливайн', 'Том Джакомб', 'Бакли Коллам', 'Эрик М. Беннетт']","['Джордж Уэбстер', 'Джордан Кац', 'Джордж Мелрод']",['Джордж Фентон'],"['США', 'Великобритания']","['Джеймс Остин Стюарт', 'Тиффани Л. Кертц']","['Джон Бирн', 'Карл Джонс']",['Джон Феннер'],[],2005,76.0,1228872.0,430060.0,,,,2005,2005.0,2005.0,,
Лови волну!,https://www.filmpro.ru/movies/8357,9.5,161,"['лови', 'волна']","['Комедия', 'Мультфильм', 'Семейный фильм']","['Крис Бак', 'Эш Браннон']","['Крис Дженкинсон', 'Андреа Милоро', 'Лидия Боттегони']",['Крис Дженкинсон'],['Майкл Данна'],[],[],[],[],[],2007,85.0,5394679.0,1303062.0,85000000.0,145167694.0,58867694.0,2007,2007.0,2011.0,,
Цыпленок Цыпа,https://www.filmpro.ru/movies/13109,9.5,321,"['цыплёнок', 'цыпа']","['Комедия', 'Мультфильм', 'Приключения']",['Марк Диндал'],['Рэнди Фуллмер'],"['Дэвид Рейнольдс', 'Рон Андерсон', 'Джосанн МакГибон', 'Дэниэл Джерсон', 'Марк Кеннеди', 'Марк Диндал', 'Сара Пэрриотт', 'Стив Бенчич', 'Рон Дж. Фридман', 'Роберт Л. Бейрд', 'Сандра Цинг Ло']",['John Debney'],['США'],['Дэн Молина'],"['Дэн Купер', 'Дэвид Вомерсли', 'Йен Гудинг']",[],[],2005,81.0,2551539.0,0.0,,,,2005,2005.0,2010.0,,
Роботы,https://www.filmpro.ru/movies/13550,9.4,203,['робот'],"['Комедия', 'Мультфильм', 'Приключения']","['Крис Уэдж', 'Карлос Салдана']","['Кристофер Меледандри', 'Уильям Джойс', 'Джерри Дэвис', 'Боб Гордон', 'Лорни Орлинз', 'Джон С. Донкин']","['Лауэлл Ганц', 'Бэбалу Мэндел', 'Джим МакКлейн', 'Дэвид Линдси-Эбейр', 'Рон Мита']",['Джон Пауэлл'],['США'],['Джон Карнокэн'],"['Уильям Джойс', 'Стив Мартино']",[],[],2005,91.0,2126429.0,0.0,,,,2005,2005.0,,,
Делай ноги 2,https://www.filmpro.ru/movies/6301,9.4,201,"['делать', 'нога']","['Комедия', 'Мультфильм', 'Семейный фильм', 'Музыкальный фильм']",['Джордж Миллер'],['Джордж Миллер'],['Джордж Миллер'],"['Powell', 'John (I)']",['Австралия'],[],[],[],"['2D', '3D', 'IMAX']",2011,100.0,6364908.0,920319.0,,,,2011,2011.0,,,
Сезон Охоты: Байки из леса,https://www.filmpro.ru/movies/335521,9.4,208,"['сезон', 'охота', 'байка', 'лес']","['Комедия', 'Мультфильм', 'Приключения']",['Дэвид Фейсс'],"['Майкл Хефферон', 'Джон Буш', 'Барбара Зелински']","['Стив Мур', 'Джон Нортон', 'Стив Барр', 'Дэвид Фейсс', 'Карлос Коткин', 'Энтони Стаччи', 'Джон Б. Карлс', 'Джилл Калтон', 'Пол МакЭвой']","['Руперт Грегсон-Уильямс', 'Доминик Льюис']",['США'],['Морисса Хорвитц'],[],[],[],2015,84.0,589987.0,258287.0,,,,2016,2015.0,,,
Сезон охоты,https://www.filmpro.ru/movies/11774,9.4,260,"['сезон', 'охота']","['Комедия', 'Мультфильм', 'Приключения']","['Роджер Аллерс', 'Энтони Стаччи', 'Джилл Калтон']","['Стив Мур', 'Андреа Милоро', 'Джон Б. Карлс', 'Базз Хэйс', 'Эми Юпитер']","['Стив Мур', 'Дэн Уилсон', 'Нат Молдин', 'Стив Бенчич', 'Рон Дж. Фридман', 'Сэм Харпер', 'Энтони Стаччи', 'Джилл Калтон', 'Джон Б. Карлс', 'Дэвид Джилбрет']","['Рамин Джавади', 'Пол Вестерберг']",['США'],"['Кен Соломон', 'Пэм Зигенхаген']","['Майкл Хемфрис', 'Люк Десмаршелье', 'Эндрю Эдвард Харкнесс', 'Картер Гудрич']",[],[],2006,83.0,6541143.0,0.0,,,,2006,2006.0,2009.0,,
Индюки: Назад в будущее 3D,https://www.filmpro.ru/movies/9187,9.4,183,"['индюк', 'будущее']","['Комедия', 'Мультфильм', 'Приключения']",['Джимми Хейуорд'],"['Крэйг Мейзин', 'Питер Фаррелли', 'Джеффри Стотт', 'Джон Дж. Штраусс', 'Кэри Грэнат', 'Эд Джонс']","['Крэйг Мейзин', 'Джон Дж. Штраусс']",['Доминик Льюис'],['США'],['Джон Вензон'],[],[],"['2D', '3D']",2013,91.0,5989768.0,892313.0,,,,2013,2013.0,2013.0,2013.0,
Лесная братва,https://www.filmpro.ru/movies/332867,9.4,269,"['лесной', 'братва']","['Комедия', 'Мультфильм', 'Приключения']","['Кэри Киркпатрик', 'Тим Джонсон']","['Бонни Арнольд', 'Кристиан Кубш', 'Эллен Косс']","['Лен Блум', 'Лорн Кэмерон', 'Дэвид Хоселтон']",['Руперт Грегсон-Уильямс'],['США'],['Джон К. Карр'],[],[],[],2006,83.0,7070591.0,1888847.0,,,,2006,2006.0,,,
Союз зверей,https://www.filmpro.ru/movies/19008,9.4,152,"['союз', 'зверь']","['Комедия', 'Мультфильм', 'Семейный фильм', 'Приключения']","['Райнхард Клоосс', 'Хольгер Таппе']","['Мартин Московиц', 'Экхарт Шмидт', 'Райнхард Клоосс', 'Бернхард Тюр', 'Хольгер Таппе']","['Эрих Кёстнер', 'Райнхард Клоосс', 'Оливер Хузли', 'Свен Северин']",['Дэвид Ньюман'],[],['Александр Диттнер'],"['Хеннинг Алерс', 'Дженс Бенеке']",[],"['2D', '3D']",2010,93.0,5032592.0,784884.0,,,,2010,2010.0,2010.0,,
Кот Гром и заколдованный дом 3D,https://www.filmpro.ru/movies/4835,9.4,143,"['кот', 'гром', 'заколдованный', 'дом']","['Мультфильм', 'Семейный фильм']","['Бен Стассен', 'Джереми Дегрусон']","['Бен Стассен', 'Оливье Курсон', 'Кэролайн Ван Айсегем', 'Эрик Дилленс']","['Джеймс Флинн', 'Бен Стассен', 'Доминик Пари']",['Рамин Джавади'],"['США', 'Бельгия']",[],[],[],"['2D', '3D']",2013,85.0,5782243.0,1025090.0,34000000.0,,,2014,2013.0,2014.0,,
Ноев ковчег,https://www.filmpro.ru/movies/15053,9.4,109,"['ноев', 'ковчег']","['Мультфильм', 'Семейный фильм', 'Приключения', 'Мюзикл', 'Фэнтези']",['Хуан Пабло Бускарини'],"['Пабло Босси', 'Хуан Вера', 'Камилло Тети', 'Хуан Пабло Галли', 'Алехандро Качетта', 'Роберто Ди Джироламо', 'Эриель Сауль', 'Джулиана Мигани', 'Патрицио Тобаль']","['Хуан Пабло Бускарини', 'Энрике Кортес', 'Аксель Начер', 'Фернандо Шмидт', 'Барбара Ди Джироламо']","['Андрес Гольдштейн', 'Даниэль Тарраб']","['Аргентина', 'Италия']","['Сезар Кустодио', 'Массимо Кроук']",['Себастьян Баррейро'],[],[],2007,88.0,506228.0,0.0,,,,2007,2007.0,,,
Приключения пиратов в стране овощей,https://www.filmpro.ru/movies/332965,9.4,124,"['приключение', 'пират', 'страна', 'овощ']","['Комедия', 'Мультфильм', 'Приключения']","['Фил Вишер', 'Майк Навроцки', 'Ярослава Турылёва']","['Фил Вишер', 'Джон Ваба', 'Терри Ботвик']","['Фил Вишер', 'Майк Навроцки', 'Тим Ходж']","['Фил Вишер', 'Курт Хейнеке', 'Дэвид Маллен']",['США'],['Джон Ваба'],[],[],[],2002,82.0,27891.0,0.0,14000000.0,,,2003,2002.0,,,
Тэд-путешественник и тайна царя Мидаса,https://www.filmpro.ru/movies/339349,9.4,115,"['тэд', 'путешественник', 'тайна', 'царь', 'мидаса']",['Мультфильм'],['Энрике Гато'],['Эдмон Рош'],"['Хавьер Лопез Баррейра', 'Нил Ландау']",['Закариас М. Де Ла Рива'],['Испания'],['Александр Адам'],[],[],[],2017,86.0,852895.0,251538.0,,,,2017,,,,
Сезон охоты 2,https://www.filmpro.ru/movies/332858,9.4,222,"['сезон', 'охота']","['Комедия', 'Мультфильм', 'Приключения']","['Мэттью О’Каллаган', 'Тодд Вилдерман']","['Андреа Милоро', 'Джилл Калтон', 'Мэттью О’Каллаган', 'Кирк Бодифелт']",[],['Рамин Джавади'],['США'],"['Стивен Лью', 'Джимми Сандовал', 'Патрик Дж. Вётберг']",[],[],[],2008,76.0,6173005.0,1139271.0,,,,2008,2008.0,,,
Победитель,https://www.filmpro.ru/movies/16388,9.4,27,['победитель'],"['Комедия', 'Мультфильм', 'Приключения']","['Кристофер Рив', 'Дэн Ст. Пьер', 'Колин Брэйди']","['Кристофер Рив', 'Джанет Хили', 'Джерри Дэвис', 'Моррис Бергер', 'Дана Рив', 'Стефен Р. Браун', 'Рон Тайпп', 'Игорь Хайт', 'Шерил Эбуд', 'Кайл Кларк']","['Роб Кертц', 'Джефф Хэнд', 'Ховард Йонас']",['John Debney'],"['США', 'Канада']",['Джон Брайант'],['Дэн Ст. Пьер'],"['Жан Карли', 'Энди Ванг']",[],2006,88.0,663709.0,0.0,,,,2006,2006.0,,,
Вольт,https://www.filmpro.ru/movies/12902,9.4,156,['вольт'],"['Комедия', 'Мультфильм', 'Приключения']","['Крис Уильямс', 'Байрон Ховард']","['Джон Лассетер', 'Кларк Спенсер', 'Макул Уигерт']","['Крис Уильямс', 'Байрон Ховард', 'Джаред Штерн', 'Дэн Фогельман']",['Джон Пауэлл'],[],['Тим Мертенс'],['Пол А. Феликс'],[],[],2008,96.0,12367903.0,2032618.0,,,,2008,2008.0,2009.0,,
Аисты,https://www.filmpro.ru/movies/333854,9.4,110,['аист'],"['Комедия', 'Мультфильм', 'Приключения']",['Николас Столлер'],"['Фил Лорд', 'Кристофер Миллер', 'Николас Столлер', 'Гленн Фикарра', 'Джон Рекуа', 'Джаред Штерн', 'Брэд Льюис']",['Николас Столлер'],[],['США'],['Джон Вензон'],[],[],"['2D', '3D']",2016,,4941498.0,1486651.0,,,,2016,2016.0,,,
Делай ноги,https://www.filmpro.ru/movies/8879,9.4,196,"['делать', 'нога']","['Комедия', 'Мультфильм', 'Семейный фильм']","['Джордж Миллер', 'Джуди Моррис', 'Уоррен Коулмэн']",[],"['Джордж Миллер', 'Джон Колли', 'Уоррен Коулмэн']",['Джон Пауэлл'],"['США', 'Австралия']",[],[],['Дэвид Пирс'],[],2006,108.0,3033776.0,0.0,100000000.0,384330479.0,198000317.0,2006,2006.0,2011.0,,
Гадкий утенок и я,https://www.filmpro.ru/movies/11685,9.4,129,"['гадкий', 'утёнок']","['Комедия', 'Мультфильм', 'Приключения']","['Карстен Килерих', 'Майкл Хэгнер']","['Андерс Мастрап', 'Ральф Кристианс', 'Филипп Делару', 'Ирен Спарре Хёртой', 'Глэдис Моршуан', 'Даина Сакко']","['Ганс Кристиан Андерсен', 'Карстен Килерих', 'Марк Ходкинсон', 'Майкл Хэгнер']",['Джейкоб Грот'],"['Ирландия', 'Дания', 'Германия', 'Великобритания', 'Франция']","['Торбьорн Кристофферсен', 'Пер Рисагер', 'Вирджил Каструп']",['Стэн Местертон'],[],[],2006,89.0,1209643.0,0.0,,,,2006,2006.0,,,
Звёздные собаки: Белка и Стрелка,https://www.filmpro.ru/movies/8310,9.4,130,"['звёздный', 'собака', 'белка', 'стрелка']","['Комедия', 'Мультфильм', 'Приключения']","['Святослав Ушаков', 'Инна Евланникова']",[],[],[],['Россия'],[],[],[],"['2D', '3D']",2010,88.0,6234153.0,1099443.0,,7366316.0,,2010,2010.0,2010.0,,
Реальная белка 2,https://www.filmpro.ru/movies/337618,9.4,282,"['реальный', 'белка']","['Комедия', 'Мультфильм', 'Приключения']",['Каллэн Брункер'],"['Боб Барлен', 'Майк Карц', 'Гарри Линден', 'Уильям Байндли', 'Ли Ён-ги', 'Сок Юн', 'Дэниэл У', 'Ходжин Ха', 'Ан Хон-джу']","['Боб Барлен', 'Каллэн Брункер', 'Питер Лепениотис', 'Скотт Байндли', 'Дэниэл У']",['Эйтор Перейра'],"['США', 'Канада', 'Южная Корея']",['Пол Хантер'],[],[],[],2017,95.0,2558717.0,771658.0,,,,2017,2017.0,,,
Рио 2,https://www.filmpro.ru/movies/6259,9.4,129,['рио'],"['Комедия', 'Мультфильм', 'Приключения']",['Карлос Салдана'],"['Брюс Андерсон', 'Джон С. Донкин']","['Карлос Салдана', 'Дон Раймер']",['Джон Пауэлл'],['США'],[],[],['Ренато Фалькао'],"['2D', '3D']",2014,101.0,26688724.0,4458045.0,,,,2014,2014.0,2014.0,2014.0,
Рок Дог,https://www.filmpro.ru/movies/334447,9.4,102,"['рок', 'дог']","['Комедия', 'Мультфильм', 'Приключения']",['Эш Браннон'],"['Лорен Селиг', 'Дэвид Б. Миллер', 'Кайл Кларк', 'Джан Женг', 'Чак Пейл', 'Эмбер Ванг', 'Майк Бандли']","['Эш Браннон', 'Курт Воелькер', 'Денис Брэдли']",['Рольф Кент'],"['США', 'Китай']",['Иван Биланкио'],[],[],"['2D', '3D']",2016,80.0,1522085.0,423884.0,50000000.0,,,2017,2016.0,,,
Приключения Десперо,https://www.filmpro.ru/movies/283011,9.4,120,"['приключение', 'десперо']","['Комедия', 'Мультфильм', 'Приключения']","['Сэм Фелл', 'Роберт Стивенхейген']","['Райан Кэвэна', 'Гэри Росс', 'Дэвид Липман', 'Уильям Сарджент', 'Робин Бисселл', 'Эллисон Томас', 'Трэйси Шоу', 'Селия Бойделл', 'Кейси Кроу', 'Пейю Х. Фоли', 'Ямал МакЛемор']","['Гэри Росс', 'Крис Вискарди', 'Уилл МакРобб', 'Кейт Дикамилло']",['Уильям Росс'],[],['Марк Соломон'],"['Оливье Адам', 'Евгений Томов']",['Брэд Блэкборн'],[],2008,93.0,3961986.0,855890.0,,,,2008,2008.0,2009.0,,
Нико: Путь к звездам,https://www.filmpro.ru/movies/14747,9.4,67,"['нико', 'путь', 'звезда']",['Мультфильм'],['Майкл Хэгнер'],"['Андерс Мастрап', 'Ральф Кристианс', 'Эмели Кристианс', 'Марк Габизон', 'Яна Бол', 'Ирен Спарре Хёртой', 'Виола Люттен', 'Лизе Энн Манджино', 'Кристел Тёлдсепп', 'Джаана Ховинен']",['Марк Ходкинсон'],['Стефен МакКеон'],[],['Пер Рисагер'],['Микко Питканен'],[],[],2008,80.0,683830.0,192143.0,,,,2008,2008.0,2009.0,,
Самолёты: Огонь и вода,https://www.filmpro.ru/movies/7939,9.4,185,"['самолёты', 'огонь', 'вода']","['Комедия', 'Мультфильм', 'Семейный фильм', 'Приключения']",['Роберт Ганнавей'],['Джон Лассетер'],['Джеффри М. Ховард'],['Марк Манчина'],['США'],['Дэн Молина'],[],[],"['2D', '3D']",2014,83.0,6553681.0,1223702.0,,,,2014,2014.0,2014.0,2014.0,
Хортон,https://www.filmpro.ru/movies/13763,9.3,116,['хортон'],"['Комедия', 'Мультфильм', 'Приключения']","['Джимми Хейуорд', 'Стив Мартино']","['Кристофер Меледандри', 'Крис Уэдж', 'Брюс Андерсон', 'Боб Гордон', 'Одри Гейсел']","['Доктор Сюсс', 'Кен Даурио', 'Синко Пол', 'Джефф Сьергей']",['Джон Пауэлл'],[],['Тим Нордквист'],"['Томас Кардон', 'Мелани Мартини']",[],[],2008,86.0,7461519.0,0.0,,,,2008,2008.0,2009.0,,
Альфа и Омега: Клыкастая братва,https://www.filmpro.ru/movies/8404,9.3,106,"['альфа', 'омега', 'клыкастый', 'братва']","['Комедия', 'Мультфильм', 'Приключения']",[],['Ричард Рич'],[],[],"['США', 'Индия']",[],[],[],"['2D', '3D']",2010,88.0,3824844.0,519225.0,20000000.0,50507267.0,25107267.0,2010,2010.0,2010.0,2010.0,
Ледниковый период: Столкновение неизбежно,https://www.filmpro.ru/movies/9509,9.3,336,"['ледниковый', 'период', 'столкновение', 'неизбежный']","['Комедия', 'Мультфильм', 'Приключения']","['Гален Т. Чу', 'Майк Тёрмайер']","['Крис Уэдж', 'Карлос Салдана', 'Лори Форте']","['Майкл Дж. Уилсон', 'Обри Соломон', 'Майкл Берг']",['Марк Мазерсбо'],['США'],['Джеймс Палумбо'],[],['Ренато Фалькао'],"['2D', '3D', 'IMAX']",2016,94.0,15393047.0,4580237.0,,,,2016,2016.0,,,
Сказ о Петре и Февронии,https://www.filmpro.ru/movies/338537,9.2,49,"['сказ', 'пётр', 'феврония']",['Мультфильм'],"['Юрий Рязанов', 'Юрий Кулаков']",['Юрий Рязанов'],"['Юрий Рязанов', 'Юрий Кулаков', 'Михаил Бобровник', 'Оксана Тарабанова', 'Екатерина Полосухина']",['Виктор Чайка'],['Россия'],['Ольга Гриншпун'],[],[],[],2017,85.0,820968.0,289341.0,,,,2017,,,,
Большое путешествие,https://www.filmpro.ru/movies/332890,9.2,150,"['большой', 'путешествие']","['Комедия', 'Мультфильм', 'Приключения']",['Стив ’Спаз’ Уильямс'],"['Бо Флинн', 'Эд Дектер', 'Джим Бертон', 'Клинт Голдман']","['Марк Гибсон', 'Эд Дектер', 'Филип Хэлприн', 'Стив ’Спаз’ Уильямс']",['Алан Сильвестри'],"['США', 'Канада']",['Скотт Болкерек'],[],[],[],2006,94.0,3226083.0,0.0,,,,2006,2006.0,,,
Элвин и бурундуки 3,https://www.filmpro.ru/movies/8695,9.2,100,"['элвин', 'бурундук']","['Комедия', 'Мультфильм', 'Семейный фильм', 'Музыкальный фильм', 'Фэнтези']",['Майк Митчел'],['Нил А. Мачлиз'],['Гленн Бергер'],[],[],[],[],[],[],2011,87.0,7016585.0,1241524.0,75000000.0,338745611.0,133110742.0,2011,2011.0,2012.0,,
Тачки,https://www.filmpro.ru/movies/6221,9.1,313,['тачка'],"['Комедия', 'Мультфильм', 'Семейный фильм']","['Джон Лассетер', 'Джо Рэнфт']",[],"['Джон Лассетер', 'Бонни Хант', 'Дон Лейк']",['Рэнди Ньюман'],['США'],[],[],['Джереми Ласки'],[],2006,117.0,4002039.0,0.0,120000000.0,461981604.0,244082982.0,2006,2006.0,2009.0,,
Уоллес и Громит: Проклятие кролика-оборотня,https://www.filmpro.ru/movies/16456,9.1,74,"['уоллес', 'громит', 'проклятие', 'кролик', 'оборотня']","['Комедия', 'Мультфильм', 'Семейный фильм', 'Приключения']","['Ник Парк', 'Стив Бокс']","['Питер Лорд', 'Дэвид Спрокстон', 'Майкл Роуз', 'Ник Парк', 'Клер Дженнингс', 'Карла Шелли', 'Сесил Крамер']","['Марк Бертон', 'Боб Бэйкер', 'Ник Парк', 'Стив Бокс']",['Джулиан Нотт'],"['США', 'Великобритания']","['Дэвид МакКормик', 'Грегори Перлер', 'Ангхарад Оуэн']","['Сара Холдрен', 'Фил Льюис', 'Мэтт Перри', 'Аластер Грин']","['Тристан Оливер', 'Дэйв Алекс Риддетт']",[],2005,85.0,1797279.0,589640.0,,,,2005,2005.0,,,
Жили-были,https://www.filmpro.ru/movies/336754,9.0,23,['жить'],['Комедия'],['Эдуард Парри'],[],"['Алексей Бородачёв', 'Екатерина Сарычева']",[],['Россия'],[],[],['Мария Соловьева'],[],2017,85.0,21446.0,8450.0,,,,2018,,,,
Тэд Джонс и Затерянный город,https://www.filmpro.ru/movies/6212,9.0,84,"['тэд', 'джонс', 'затерянный', 'город']","['Комедия', 'Мультфильм', 'Приключения']",['Энрике Гато'],"['Альваро Аугустин', 'Гислен Баруа', 'Нил Ландау', 'Эдмон Рош', 'Хавьер Угарте', 'Вернер Шулер Шутц', 'Виктория Боррас', 'Хулио Ариза', 'Анхель Бласко']","['Нил Ландау', 'Игнасио Дел Мораль', 'López Barreira', 'Javier', 'Gorka Magallón', 'Вероника Фернандез']","['Riva', 'Zacarías M. de la']",['Испания'],[],[],[],"['2D', '3D']",2012,92.0,474195.0,67284.0,,,,2012,2012.0,2013.0,2013.0,
Ледниковый период 3: Эра динозавров,https://www.filmpro.ru/movies/8303,8.9,415,"['ледниковый', 'период', 'эра', 'динозавр']","['Боевик', 'Мультфильм', 'Приключения']","['Карлос Салдана', 'Майк Трумейер']",[],['Майкл Берг'],[],['США'],[],[],[],"['2D', '3D']",2009,94.0,44923323.0,8460076.0,90000000.0,886684521.0,196573705.0,2009,2009.0,,,
Любопытный Джордж,https://www.filmpro.ru/movies/12568,8.9,63,"['любопытный', 'джордж']","['Комедия', 'Мультфильм', 'Приключения']",['Мэттью О’Каллаган'],"['Рон Ховард', 'Джон Шапиро', 'Бонн Редфорд', 'Кен Тсумара', 'Дэвид Бернарди', 'Мэри Элис Драмм']","['Майк Уэрб', 'Кен Кауфман', 'Маргарет Рей', 'Х.А. Рей']",['Эйтор Перейра'],['США'],['Джули Роджерс'],['Ярроу Чейни'],[],[],2006,86.0,90331.0,0.0,,,,2006,2006.0,,,
Ханна: Нерассказанная история буддизма,https://www.filmpro.ru/movies/338790,8.9,22,"['ханна', 'нерассказанный', 'история', 'буддизм']","['Биографический фильм', 'Документальный фильм', 'Исторический фильм']","['Адам Пенни', 'Марта Дьердь-Кесслер']","['Адам Пенни', 'Питер Пенни', 'Марта Дьердь-Кесслер', 'Джон Айрес']","['Адам Пенни', 'Марта Дьердь-Кесслер']","['Крис Хилл', 'Том Хикокс']","['Непал', 'Гонконг', 'Индия', 'Венгрия', 'Бахрейн', 'Дания', 'Испания', 'Германия', 'Великобритания']","['Саймон Баркер', 'Хэмиш Лионс']",[],['Гай Нисбетт'],[],2014,90.0,,,,,,2017,,,,
Подводная братва,https://www.filmpro.ru/movies/8498,8.9,186,"['подводный', 'братва']","['Комедия', 'Мультфильм', 'Приключения']","['Роб Леттерман', 'Бибо Бержерон', 'Вики Дженсон']","['Джеффри Катценберг', 'Джанет Хили', 'Эллисон Лион Сеган', 'Марк Свифт', 'Билл Дамашке']","['Роб Леттерман', 'Майкл Джей Уилсон', 'Б.Дж. Портер', 'Скотт Окерман']",['Ханс Циммер'],['США'],"['Джон Вензон', 'Питер Лонсдэйл']",['Дэн Ст. Пьер'],[],[],2004,90.0,4953998.0,1574921.0,75000000.0,363530196.0,160861908.0,2004,2004.0,2011.0,,
Рога и копыта,https://www.filmpro.ru/movies/10377,8.8,24,"['рога', 'копыта']","['Комедия', 'Мультфильм', 'Семейный фильм']",['Стив Одекерк'],"['Стив Одекерк', 'Пол Маршал', 'Джулия Пистор', 'Аарон Парри', 'Эндрю Эджизиано', 'Пэм Мэрсден', 'Николиза Контис', 'Марк Бим']",['Стив Одекерк'],['John Debney'],"['США', 'Нидерланды', 'Германия']","['Билли Вебер', 'Пол Д. Калдер']",['Филип А. Круден'],[],[],2006,90.0,2682217.0,654421.0,,,,2006,2006.0,2011.0,,
Белка и Стрелка: Лунные приключения,https://www.filmpro.ru/movies/6470,8.8,133,"['белка', 'стрелка', 'лунный', 'приключение']","['Комедия', 'Мультфильм', 'Приключения']",['Александр Храмцов'],"['Сергей Зернов', 'Вадим Сотсков']","['Андрей Галанов', 'Максим Белозор', 'Максим Возняк', 'Виктор Стрельченко', 'Джон Чуа', 'Сергей Москвич']",['Иван Урюпин'],['Россия'],[],[],[],"['2D', '3D']",2013,90.0,5967021.0,1059792.0,,,,2014,2014.0,,,
Полярный экспресс,https://www.filmpro.ru/movies/8448,8.7,100,"['полярный', 'экспресс']","['Мультфильм', 'Семейный фильм', 'Приключения']",['Роберт Земекис'],"['Том Хэнкс', 'Роберт Земекис', 'Гари Гоэцман', 'Стив Старки', 'Джош МакЛаглен', 'Джек Рэпк', 'Питер М. Тобьянсен', 'Крис Ван Оллсбёрг', 'Уильям Тейтлер', 'Стивен Дж. Бойд']","['Роберт Земекис', 'Уильям Бройлес мл.', 'Крис Ван Оллсбёрг']",['Алан Сильвестри'],['США'],"['Джереми О’Дрискол', 'Р. Орландо Дюэнас']","['Рик Картер', 'Даг Чианг']","['Дон Бёрджесс', 'Роберт Пресли']",[],2004,100.0,1373026.0,269180.0,165000000.0,306133860.0,181993278.0,2004,2004.0,2009.0,,
Овечка Долли была злая и рано умерла,https://www.filmpro.ru/movies/9264,8.7,20,"['овечка', 'долли', 'злой', 'умереть']","['Комедия', 'Приключения', 'Фантастика']",['Алексей Пиманов'],['Алексей Пиманов'],"['Алексей Пиманов', 'Елена Серова']",[],['Россия'],[],[],['Дмитрий Шлыков'],[],2015,109.0,757544.0,198452.0,,,,2015,2015.0,,,
Ангелы и Демоны,https://www.filmpro.ru/movies/5025,8.6,23,"['ангел', 'демоны']","['Мистика', 'Триллер']",['Рон Ховард'],"['Рон Ховард', 'Брайан Грейзер', 'Тодд Халлоуэлл', 'Уильям М. Коннор', 'Луиса Велис', 'Кэтлин МакГилл', 'Марко Валерио Пуджини', 'Ут Леонхардт']",['Акива Голдсман'],['Ханс Циммер'],"['США', 'Италия']","['Дэниэл П. Хэнли', 'Майк Хилл']",['Аллан Камерон'],['Сальваторе Тотино'],[],2009,138.0,13604971.0,2456095.0,,,,2009,2009.0,,,
Бриллиантовый полицейский,https://www.filmpro.ru/movies/16322,8.6,62,"['бриллиантовый', 'полицейский']","['Боевик', 'Комедия', 'Криминал']",['Лес Мэйфилд'],"['Нил Х. Мориц', 'Дэниэл Мельник', 'Майкл Фоттрел', 'Пичес Дэвис', 'Тоби Джаффе', 'Аллен Шапиро']","['Стивен Карпентер', 'Майкл Берри', 'Джон Блюменталь']",['Эд Ширмёр'],"['США', 'Германия']",['Майкл Троник'],"['Билл Брзески', 'Денис Уингейт', 'Филип Тулин', 'Брана Розенфельд']",['Дэвид Эггби'],[],1999,93.0,176846.0,0.0,,,,1999,1999.0,,,
Мы-Монстры!,https://www.filmpro.ru/movies/339325,8.6,298,['монстр'],['Драма'],['Хольгер Таппе'],"['Ральф Кэмп', 'Хольгер Таппе', 'Майя Графин Роткрич', 'Стефан Мишке']","['Дженс Бенеке', 'Дэвид Сэфьер', 'Катарина Юнк', 'Бенедикт Ниман']",['Хендрик Шварцер'],['Германия'],['Бьёрн Тойбнер'],[],[],[],2017,94.0,1867112.0,557424.0,,,,2017,2017.0,,,
Нико 2,https://www.filmpro.ru/movies/8993,8.6,309,['нико'],"['Комедия', 'Драма', 'Мультфильм', 'Семейный фильм', 'Приключения']",['Юрген Лердам'],"['Эмели Кристианс', 'Лизе Энн Манджино', 'Андерс Мастрап', 'Ральф Кристианс']",[],['Стефен МакКеон'],"['Ирландия', 'Дания', 'Германия', 'Финляндия']",[],[],[],"['2D', '3D']",2012,79.0,994751.0,137815.0,10000000.0,,,2012,2012.0,2013.0,2013.0,
Хроники Нарнии: Принц Каспиан,https://www.filmpro.ru/movies/5616,8.6,28,"['хроник', 'нарнии', 'принц', 'каспиан']","['Боевик', 'Семейный фильм', 'Приключения']",['Эндрю Адамсон'],[],[],[],[],[],[],[],[],2008,150.0,14519378.0,2552870.0,225000000.0,419665568.0,141621490.0,2008,2008.0,,,
Шерлок Холмс: Игра теней,https://www.filmpro.ru/movies/9020,8.6,2018,"['шерлок', 'холмс', 'игра', 'тень']","['Боевик', 'Приключения', 'Криминал']",['Гай Ричи'],"['Скотт Рудин', 'Джоэл Силвер', 'Сьюзен Дауни', 'Дэн Лин', 'Лайонел Уигрэм', 'Стив Кларк-Холл']","['Артур Конан Дойль', 'Киран Малруни', 'Мишель Малруни']",['Ханс Циммер'],['США'],"['Herbert', 'James (V)']",['Сара Гринвуд'],['Филипп Русло'],[],2011,129.0,29090741.0,3994701.0,,,,2011,2011.0,,,
Зачарованная,https://www.filmpro.ru/movies/8908,8.6,25,['зачаровать'],"['Комедия', 'Мультфильм', 'Семейный фильм']",['Кевин Лима'],"['Барри Зонненфельд', 'Эзра Свердлоу', 'Тодд Й. Мурата', 'Сунил Перкаш', 'Бэрри Джозефсон', 'Сьюзэн Ринго', 'Кристофер Чейз', 'Рон Роча']",['Билл Келли'],['Алан Менкен'],[],"['Стивен А. Роттер', 'Грегори Перлер']",['Стюарт Вуртцель'],['Дон Бёрджесс'],[],2007,107.0,5855864.0,1073091.0,85000000.0,340487652.0,127807262.0,2007,2007.0,2011.0,,
Обитель зла 3,https://www.filmpro.ru/movies/8493,8.5,56,"['обитель', 'зло']","['Боевик', 'Ужасы']",['Рассел Малкэй'],"['Пол У. С. Андерсон', 'Мартин Московиц', 'Сэмюэл Хадида', 'Бернд Айхингер', 'Джереми Болт', 'Роберт Кюльзер', 'Виктор Хадида', 'Келли Ван Хорн', 'López', 'Héctor (II)']",['Пол У. С. Андерсон'],['Чарли Клаузер'],[],['Найвен Хоуи'],['Эудженио Кабальеро'],['Дэвид Джонсон'],[],2007,94.0,8205668.0,1537091.0,,,,2007,2007.0,,,
Властелин колец: Возвращение Короля,https://www.filmpro.ru/movies/9171,8.5,2184,"['властелин', 'кольцо', 'возвращение', 'король']","['Драма', 'Приключения', 'Фэнтези']",['Питер Джексон'],"['Питер Джексон', 'Харви Вайнштейн', 'Боб Вайнштейн', 'Фрэнсис Уолш', 'Роберт Шэй', 'Джэми Селкирк', 'Барри М. Осборн', 'Майкл Линн', 'Марк Ордески', 'Рик Поррас']","['Питер Джексон', 'Фрэнсис Уолш', 'Джон Рональд Руэл Толкин', 'Филиппа Бойенс']",['Говард Шор'],"['США', 'Новая Зеландия']",['Джэми Селкирк'],['Грант Мейджор'],['Эндрю Лесни'],[],2003,201.0,14088603.0,3299152.0,,,,2004,2003.0,,,
Астерикс: Земля Богов,https://www.filmpro.ru/movies/332634,8.5,111,"['астерикс', 'земля', 'бог']","['Комедия', 'Мультфильм', 'Приключения', 'Фэнтези']",['Александр Астье'],['Александр Астье'],['Александр Астье'],[],['Франция'],['Солин Гийонно'],[],[],"['2D', '3D']",2014,85.0,1431632.0,452153.0,,,,2014,2014.0,2015.0,2015.0,
Легенда №17,https://www.filmpro.ru/movies/5796,8.5,378,['легенда'],"['Биографический фильм', 'Драма', 'Спортивный фильм']",['Николай Лебедев'],"['Никита Михалков', 'Антон Златопольский', 'Леонид Верещагин', 'Александр Харламов', 'Мел Борз', 'Светлана Дали']","['Михаил Местецкий', 'Николай Куликов']",['Эдуард Артемьев'],['Россия'],[],['Виктор Петров'],['Ирек Хартович'],[],2012,134.0,29550855.0,4199510.0,,,,2013,2013.0,2013.0,2013.0,
ВАЛЛ·И,https://www.filmpro.ru/movies/8651,8.5,2023,[],"['Мультфильм', 'Семейный фильм', 'Приключения']",['Эндрю Стэнтон'],"['Джон Лассетер', 'Линдси Коллинз', 'Джим Моррис', 'Томас Портер', 'Libbert', 'Gillian']","['Эндрю Стэнтон', 'Пит Доктер', 'Джим Рирдон']",['Томас Ньюман'],['США'],['Стефен Шаффер'],['Ральф Эгглстон'],[],[],2008,98.0,11733478.0,1977891.0,180000000.0,532506889.0,223808164.0,2008,2008.0,2008.0,,
Мстители,https://www.filmpro.ru/movies/9134,8.5,3909,['мститель'],"['Боевик', 'Приключения']",['Джосс Уидон'],"['Стэн Ли', 'Кевин Файги', 'Джон Фавро', 'Ави Арад', 'Виктория Алонсо', 'Луис Д’Эспозито', 'Алан Файн', 'Патриция Уитчер', 'Джереми Латчем']",['Джосс Уидон'],[],['США'],['Лиза Лэссек'],['Джеймс Чинланд'],['Шеймас МакГарви'],"['2D', '3D', 'IMAX']",2012,143.0,43531105.0,4955349.0,220000000.0,1398485968.0,573685968.0,2012,2012.0,2012.0,2012.0,
Элвин и бурундуки 2,https://www.filmpro.ru/movies/5856,8.5,89,"['элвин', 'бурундук']","['Комедия', 'Мультфильм', 'Семейный фильм']",['Бетти Томас'],"['Арнон Милчэн', 'Карен Розенфельт', 'Мишель Императо', 'Дженис Карман', 'Росс Багдасарян мл.', 'Стив Ватерман']","['Джонатан Айбел', 'Гленн Бергер', 'Джон Витти', 'Bagdasarian', 'Ross']",['Дэвид Ньюман'],[],['Мэтт Фридман'],['Марсия Хиндс'],['Энтони Б. Ричмонд'],[],2009,88.0,4950461.0,1056333.0,75000000.0,443139853.0,219614612.0,2009,2009.0,2010.0,,
Аллея кошмаров,https://www.filmpro.ru/movies/357663,8.5,30,"['аллея', 'кошмар']",['Нуар'],['Гильермо дель Торо'],[],[],[],['США'],[],[],[],[],2021,,,,,,,2022,,,,
Пираты Карибского моря: Сундук мертвеца,https://www.filmpro.ru/movies/8504,8.5,531,"['пират', 'карибский', 'море', 'сундук', 'мертвец']","['Боевик', 'Приключения', 'Фэнтези']",['Гор Вербински'],"['Джерри Брукхаймер', 'Чад Оман', 'Пэт Сэндстон', 'Эрик МакЛеод', 'Stenson', 'Mike', 'Брюс Хендрикс', 'Джек Ни']","['Стюарт Битти', 'Тед Эллиот', 'Терри Россио', 'Джей Уолперт']",['Ханс Циммер'],['США'],"['Крэйг Вуд', 'Стивен Е. Ривкин']",['Рик Хайнрихс'],['Дариуш Вольски'],[],2006,151.0,27648510.0,5758392.0,225000000.0,1066179725.0,423315812.0,2006,2006.0,2012.0,,
Отель для самоубийц,https://www.filmpro.ru/movies/357816,8.5,27,"['отель', 'самоубийца']","['Драма', 'Криминал']",['Йонас Александр Арнбю'],"['Ева Якобсен', 'Ребекка Лафренз', 'Мария Экерховд', 'Катрин Пор', 'Кристоф Дэниэл', 'Кэрол Баратон', 'Миккель Ерсин', 'Йоанн Комт']",['Расмус Бирч'],['Миккел Хесс'],"['Норвегия', 'Дания', 'Германия']",['Йоргос Мавропсаридис'],"['Мерете Бострём', 'Катарина Биркенфелд', 'Эльза Фишер', 'Симона Грау']",['Нильс Тастум'],[],2019,90.0,,,,,,2020,2019.0,,,
Банды Индостана,https://www.filmpro.ru/movies/343433,8.5,23,"['банда', 'индостана']","['Боевик', 'Драма', 'Исторический фильм']",['Виджай Кришна Ачария'],"['Адитья Чопра', 'Култхеп Нарула', 'Аших Синх', 'Санджай Шивалкар', 'Уинстон Аццопарди', 'Гурприт Сингх', 'Бхарат Равайл']",['Виджай Кришна Ачария'],[],['Индия'],['Ритеш Сони'],[],['Мануш Нандан'],[],2018,164.0,,,,,,2019,2018.0,,,
Железный человек 3,https://www.filmpro.ru/movies/5239,8.5,778,"['железный', 'человек']","['Боевик', 'Приключения']",['Шейн Блэк'],"['Стэн Ли', 'Ави Арад']","['Стэн Ли', 'Джек Кирби']",[],['США'],[],[],[],"['2D', '3D', 'IMAX']",2013,130.0,,5229440.0,,,,2013,2013.0,2013.0,2013.0,
Гладиатор,https://www.filmpro.ru/movies/5876,8.5,2900,['гладиатор'],"['Боевик', 'Драма', 'Приключения']",['Ридли Скотт'],"['Ридли Скотт', 'Уолтер Ф. Паркс', 'Лори МакДональд', 'Дуглас Уик', 'Дэвид Францони', 'Бранко Лустиг', 'Терри Нихэм']","['Джон Логан', 'Уильям Николсон', 'Дэвид Францони']","['Ханс Циммер', 'Лиза Джеррард']","['США', 'Великобритания']",['Пьетро Скалия'],['Артур Макс'],['Джон Мэтисон'],[],2000,,1278394.0,0.0,,,,2000,2000.0,,,
Области тьмы,https://www.filmpro.ru/movies/5700,8.4,1265,"['область', 'тьма']","['Мистика', 'Триллер']",['Нил Бёргер'],"['Брэдли Купер', 'Райан Кэвэна', 'Такер Тули', 'Лесли Диксон', 'Кен Хэлсбэнд', 'Скотт Крупф', 'Пэтти Лонг', 'Адам Филдс', 'Рикардо Дел Рио', 'Джейсон Фелтс', 'Peach', 'Patrick']",['Лесли Диксон'],"['Пол Леонард-Морган', 'Нико Мьюли']",['США'],"['Наоми Джерати', 'Adams', 'Tracy (I)']",['Патриция Фон Бранденстайн'],['Джо Уиллемс'],[],2011,105.0,6219463.0,903939.0,26000000.0,161849455.0,79249455.0,2011,2011.0,2011.0,,
Дюплекс,https://www.filmpro.ru/movies/8786,8.4,21,['дюплекс'],['Комедия'],['Дэнни ДеВито'],"['Харви Вайнштейн', 'Бен Стиллер', 'Боб Вайнштейн', 'Дрю Бэрримор', 'Стюарт Корнфелд', 'Алан С. Бломквист', 'Ричард Н. Гладштейн', 'Джереми Крамер', 'Нэнси Джавонен', 'Мэрил Постер', 'Ларри Дойл', 'Дженнифер Уочтелл']",['Ларри Дойл'],['Дэвид Ньюман'],"['США', 'Германия']","['Линзи Клингмэн', 'Грег Хейден']",['Робин Стэндефер'],['Анастас Н. Микос'],[],2003,89.0,,0.0,40000000.0,19322135.0,9692135.0,2004,2003.0,2008.0,,
Перевозчик 2,https://www.filmpro.ru/movies/5567,8.4,23,['перевозчик'],"['Боевик', 'Триллер', 'Криминал']",['Луи Летерье'],"['Люк Бессон', 'Стив Чесман', 'Майкл Ваксман', 'Мехди Сайа', 'Терри Миллер', 'Элейн Керацис']","['Люк Бессон', 'Роберт Марк Кэмен']",['Александр Азария'],"['США', 'Франция']","['Винсент Тэбэйллон', 'Кристин Лукас Наварро']",['Дж. Марк Харингтон'],['Митчел Амундсен'],[],2005,87.0,1970872.0,477058.0,32000000.0,85044447.0,43095856.0,2005,2005.0,,2009.0,
Миллиард,https://www.filmpro.ru/movies/342434,8.4,2152,['миллиард'],"['Боевик', 'Комедия', 'Приключения']",['Роман Прыгунов'],"['Рафаел Минасбекян', 'Владимир Маслов', 'Ибрагим Магомедов', 'Бинке Анисимов', 'Арсен Таркнаев', 'Мурад Омаров', 'Вадим Верещагин']",['Андрей Золотарёв'],['Олег Белов'],['Россия'],[],['Мухтар Мирзакеев'],['Илья Авербах'],[],2019,,,,,,,2019,,,,
Гнездо Дракона: Восстание Черного Дракона,https://www.filmpro.ru/movies/241349,8.4,20,"['гнездо', 'дракон', 'восстание', 'чёрный', 'дракон']","['Семейный фильм', 'Приключения', 'Фэнтези']",['Юфон Сонг'],"['Билл Борден', 'Мэттью Темпл', 'Питер Райв', 'Майкл Ицзюнь Ванг']","['Юфон Сонг', 'Ран Чжуо', 'Терри Изуми']",['Эдриан Ли'],"['США', 'Китай', 'Франция']",[],[],[],"['2D', '3D']",2014,88.0,472431.0,121239.0,40000000.0,,,2015,2014.0,,,
Кэнган Асура,https://www.filmpro.ru/movies/345474,8.4,20,"['кэнган', 'асура']","['Аниме', 'Боевик']",[],[],[],[],[],[],[],[],[],2019,,,,,,,2019,2019.0,,,
Матрица: Революция,https://www.filmpro.ru/movies/9320,8.4,48,"['матрица', 'революция']",['Боевик'],"['Лана Вачовски', 'Энди Вачовски']","['Лана Вачовски', 'Энди Вачовски', 'Брюс Берман', 'Джоэл Силвер', 'Стив Ричардс', 'Грант Хилл', 'Эндрю Мэйсон', 'Фил Устерхаус', 'Вики Попплуэлл', 'Дэвид Форбс']","['Лана Вачовски', 'Энди Вачовски']","['Davis', 'Don (I)']","['США', 'Австралия']",['Зэк Стэнберг'],['Оуэн Патерсон'],['Билл Поуп'],[],2003,129.0,11675095.0,3379249.0,,,,2003,2003.0,,,
Смешарики. Начало,https://www.filmpro.ru/movies/8795,8.4,31,"['смешарики', 'начало']","['Комедия', 'Мультфильм', 'Семейный фильм', 'Приключения']",['Денис Чернов'],[],[],[],[],[],[],[],"['2D', '3D']",2011,86.0,8378074.0,1317452.0,,,,2011,2011.0,2012.0,,
Час пик 3,https://www.filmpro.ru/movies/8805,8.4,23,"['час', 'пик']","['Боевик', 'Комедия', 'Криминал']",['Бретт Рэтнер'],"['Тоби Эммерих', 'Роджер Бернбаум', 'Леон Дюдвуа', 'Джонатан Гликман', 'Джей Штерн', 'Джон Бернард', 'Джеймс М. Фрейтаг', 'Дэвид Гордер', 'Артур М. Саркиссян', 'Сэмюэл Дж. Браун', 'Эндрю З. Дэвис', 'Дэррил Джонс']","['Джефф Натансон', 'Росс ЛаМанна']",['Лало Шифрин'],"['США', 'Германия']","['Марк Хелфрич', 'Дон Зиммерман', 'Дин Зиммерман']",['Эд Верро'],['Джеймс Муро'],[],2007,91.0,4308021.0,780099.0,140000000.0,258022233.0,140125968.0,2007,2007.0,2011.0,,
Братц,https://www.filmpro.ru/movies/13816,8.4,27,['братц'],"['Комедия', 'Семейный фильм', 'Музыкальный фильм']",['Шон МакНамара'],"['Стивен Пол', 'Ави Арад', 'Исаак Лариан', 'Кайла Крэмен']","['Адам Де Ла Пеня', 'Дєвид Эйленберг', 'Сьюзэн Эстелль Джэнсен']",['Джон Кода'],['США'],['Джефф Кэнаван'],"['Расти Смит', 'Розарио Провенса', 'Карен Агрести', 'Бернадин Морган']",['Кристиан Зебальдт'],[],2007,110.0,402415.0,0.0,,,,2007,2007.0,2010.0,,
Тёмный рыцарь: Возрождение легенды,https://www.filmpro.ru/movies/9288,8.4,4348,"['тёмный', 'рыцарь', 'возрождение', 'легенда']","['Боевик', 'Триллер']",['Кристофер Нолан'],"['Кристофер Нолан', 'Томас Тулл', 'Чарльз Ровен', 'Эмма Томас', 'Майкл Э. Услан', 'Бенджамин Мельникер', 'Кевин Де Ла Ной', 'Дилип Синх Ратор']","['Кристофер Нолан', 'Джонатан Нолан', 'Дэвид С. Гойер', 'Боб Кэйн']",['Ханс Циммер'],"['США', 'Великобритания']",[],['Натан Краули'],['Уолли Пфистер'],"['2D', 'IMAX']",2012,165.0,17396122.0,2530422.0,250000000.0,,,2012,2012.0,2012.0,2012.0,
Астерикс и Обеликс: Миссия «Клеопатра»,https://www.filmpro.ru/movies/6402,8.4,25,"['астерикс', 'обеликс', 'миссия', 'клеопатра']","['Документальный фильм', 'Комедия', 'Приключения']",[],"['Ален Шаба', 'Клод Берри', 'Тома Лангманн', 'Пьер Грюнштейн', 'Роланд Пеллегрино', 'Салим Фасси Фихри']","['Рене Госинни', 'Альбер Удерзо']",['Харольд Райтингер'],"['Германия', 'Франция']",[],[],['Лоран Дайян'],[],2002,107.0,1263281.0,572950.0,,110989615.0,3115188.0,2002,2002.0,2004.0,,
Начало,https://www.filmpro.ru/movies/5045,8.4,3115,['начало'],"['Боевик', 'Приключения']",['Кристофер Нолан'],"['Кристофер Нолан', 'Томас Тулл', 'Эмма Томас', 'Закария Алауи', 'Крис Бригэм', 'Джон Бернард', 'Джордан Голдберг', 'Томас Хэйслип', 'Канжиро Сакура']",['Кристофер Нолан'],['Ханс Циммер'],"['США', 'Великобритания']",['Ли Смит'],"['Dyas', 'Guy Hendrix']",['Уолли Пфистер'],"['2D', 'IMAX']",2010,148.0,21758661.0,3434706.0,160000000.0,825531030.0,292576195.0,2010,2010.0,2010.0,,2020.0
Парень с нашего кладбища,https://www.filmpro.ru/movies/332645,8.3,22,"['парень', 'кладбище']","['Комедия', 'Триллер']","['Илья Чижиков', 'Антон Чижиков']",['Сергей Сельянов'],['Владимир Серышев'],[],['Россия'],[],[],['Алексей Шубаков'],[],2015,90.0,249201.0,75641.0,50000000.0,,,2015,2015.0,,,
Рэмбо IV,https://www.filmpro.ru/movies/5698,8.3,24,"['рэмбо', 'iv']","['Боевик', 'Военный фильм', 'Триллер']",['Сильвестр Сталлоне'],[],"['Сильвестр Сталлоне', 'Дэвид Морелл', 'Арт Монтерастелли']",['Брайан Тайлер'],"['США', 'Германия']",[],[],['Глен МакФерсон'],[],2008,92.0,3270808.0,0.0,50000000.0,155167932.0,91300000.0,2008,2008.0,2008.0,,
Спираль,https://www.filmpro.ru/movies/10230,8.3,223,['спираль'],['Боевик'],['Андрей Волгин'],"['Алексей Гришин', 'Рената Пиотровски', 'Елена Ковалева']",['Константин Глушков'],['Александр Крюков'],['Россия'],['Алексей Гришин'],[],[],[],2014,100.0,1644274.0,257526.0,,,,2014,2014.0,2014.0,2014.0,
BTS: Открой свою душу. Фильм,https://www.filmpro.ru/movies/348920,8.3,79,"['bts', 'открой', 'душа', 'фильм']","['Документальный фильм', 'Музыкальный фильм']",['Пак Чжун Су'],[],[],[],['Южная Корея'],[],[],[],[],2019,105.0,,,,,,2019,,,,
Raving riot: рэйв у парламента,https://www.filmpro.ru/movies/357368,8.3,28,"['raving', 'riot', 'рэйв', 'парламент']",['Документальный фильм'],['Степан Поливанов'],"['Сергей Яхонтов', 'Павел Карыхалин', 'Идалия Иванова', 'Анна Саруханова', 'Арина Носкова']",[],[],"['Грузия', 'Россия']",[],[],[],[],2019,61.0,,,,,,2019,,,,
Пираты Карибского моря: На странных берегах,https://www.filmpro.ru/movies/5706,8.3,1215,"['пират', 'карибский', 'море', 'странный', 'берег']","['Боевик', 'Приключения', 'Фэнтези']",['Роб Маршалл'],"['Джерри Брукхаймер', 'Чад Оман', 'Тед Эллиот', 'Пэт Сэндстон', 'Терри Россио', 'Stenson', 'Mike', 'Джон ДеЛюка', 'Бэрри Х. Уолдман', 'Мелисса Рейд']","['Стюарт Битти', 'Тед Эллиот', 'Терри Россио', 'Джей Уолперт']",['Ханс Циммер'],['США'],"['Майкл Кан', 'Виатт Смит', 'Дэвид Бреннер']",['Джон Мир'],['Дариуш Вольски'],"['2D', '3D', 'IMAX']",2011,136.0,63581485.0,7429244.0,,,,2011,2011.0,,,
Всё или ничего,https://www.filmpro.ru/movies/343480,8.3,25,[],"['Комедия', 'Приключения']",['Дмитрий Суворов'],"['Дмитрий Суворов', 'Антон Белов', 'Александр Калушкин', 'Андрей Ляхов']",['Дмитрий Суворов'],['Михаил Казанок'],['Россия'],"['Дмитрий Суворов', 'Екатерина Пивнева', 'Дмитрий Слобцов']","['Максим Алипченко', 'Елена Казакевич']",['Юрий Никогосов'],[],2018,85.0,,,,,,2018,,,,
Самолёты,https://www.filmpro.ru/movies/4986,8.3,118,['самолёт'],"['Комедия', 'Мультфильм', 'Приключения']",['Клэй Холл'],[],[],[],['США'],[],[],[],"['2D', '3D']",2013,91.0,5662397.0,927290.0,50000000.0,,,2013,2013.0,2013.0,2013.0,
Логово Монстра,https://www.filmpro.ru/movies/340689,8.3,22,"['логово', 'монстр']","['Триллер', 'Ужасы']",['Дин Девлин'],"['Дин Девлин', 'Карстен Х.В. Лоренц', 'Брэндон Лэмдин', 'Марк Роскин', 'Рэйчел Олшан']",['Брэндон Бойс'],['Джозеф ЛоДука'],['США'],['Брайан Гоноси'],[],[],[],2018,110.0,287533.0,69911.0,,,,2018,,,,
Бегущий в лабиринте: Испытание огнём,https://www.filmpro.ru/movies/333237,8.3,32,"['бежать', 'лабиринт', 'испытание', 'огнём']","['Боевик', 'Триллер']",['Уэс Болл'],"['Вик Годфри', 'Марти Бауэн', 'Эллен Голдсмит-Вейн', 'Ли Столлман', 'Джо Хартвик мл.']",['Джеймс Дашнер'],['Джон Песано'],['США'],[],[],['Дьюла Падош'],"['2D', '3D']",2015,131.0,8395302.0,2244561.0,,,,2015,2015.0,,,
Властелин колец: Две крепости,https://www.filmpro.ru/movies/5705,8.3,1566,"['властелин', 'кольцо', 'два', 'крепость']","['Боевик', 'Драма', 'Приключения']",['Питер Джексон'],"['Питер Джексон', 'Харви Вайнштейн', 'Боб Вайнштейн', 'Фрэнсис Уолш', 'Роберт Шэй', 'Джэми Селкирк', 'Барри М. Осборн', 'Майкл Линн', 'Марк Ордески', 'Рик Поррас']","['Питер Джексон', 'Фрэнсис Уолш', 'Джон Рональд Руэл Толкин', 'Филиппа Бойенс', 'Стивен Синклер']",['Говард Шор'],"['США', 'Новая Зеландия']","['Horton', 'Michael (II)']",['Грант Мейджор'],['Эндрю Лесни'],[],2002,179.0,8917598.0,2906239.0,,,,2003,2002.0,,,
Тёмный рыцарь,https://www.filmpro.ru/movies/8588,8.3,3310,"['тёмный', 'рыцарь']","['Боевик', 'Драма', 'Криминал']",['Кристофер Нолан'],"['Кристофер Нолан', 'Томас Тулл', 'Чарльз Ровен', 'Эмма Томас', 'Лорни Орлинз', 'Майкл Э. Услан', 'Филип Ли', 'Бенджамин Мельникер', 'Кевин Де Ла Ной', 'Джордан Голдберг']","['Кристофер Нолан', 'Джонатан Нолан', 'Дэвид С. Гойер', 'Боб Кэйн']","['Ханс Циммер', 'Джеймс Ньютон Ховард']","['США', 'Великобритания']",['Ли Смит'],['Натан Краули'],['Уолли Пфистер'],[],2008,152.0,8711402.0,0.0,,,,2008,2008.0,,,
Железный человек,https://www.filmpro.ru/movies/5879,8.3,2795,"['железный', 'человек']","['Боевик', 'Приключения']",['Джон Фавро'],"['Стэн Ли', 'Кевин Файги', 'Джон Фавро', 'Ави Арад', 'Виктория Алонсо', 'Луис Д’Эспозито', 'Ари Арад', 'Дэвид Майсел', 'Питер Биллингсли', 'Эрик Хеффрон']","['Стэн Ли', 'Джек Кирби', 'Марк Фергус', 'Мэтт Холлоуэй', 'Хоук Остби', 'Marcum', 'Art']",['Рамин Джавади'],[],['Дэн Лебентал'],['Дж. Майкл Рива'],['Мэттью Либатик'],[],2008,126.0,9426554.0,1603027.0,,,,2008,2008.0,,,
Властелин колец: Братство кольца,https://www.filmpro.ru/movies/6022,8.3,3141,"['властелин', 'кольцо', 'братство', 'кольцо']","['Драма', 'Приключения', 'Фэнтези']",['Питер Джексон'],"['Питер Джексон', 'Харви Вайнштейн', 'Боб Вайнштейн', 'Фрэнсис Уолш', 'Роберт Шэй', 'Джэми Селкирк', 'Барри М. Осборн', 'Майкл Линн', 'Марк Ордески', 'Рик Поррас', 'Эллен Сомерс', 'Тим Сандерс']","['Питер Джексон', 'Фрэнсис Уолш', 'Джон Рональд Руэл Толкин', 'Филиппа Бойенс']",['Говард Шор'],"['США', 'Новая Зеландия']",['Джон Гилберт'],['Грант Мейджор'],['Эндрю Лесни'],[],2001,178.0,7295225.0,2342185.0,93000000.0,871530324.0,315544750.0,2002,2001.0,2011.0,2010.0,
Дождливый день в Нью-Йорке,https://www.filmpro.ru/movies/344165,8.3,78,"['дождливый', 'день', 'нью', 'йорк']",['Комедия'],['Вуди Аллен'],"['Летти Аронсон', 'Хелен Робин', 'Эрика Аронсон', 'Адам Б. Штерн']",['Вуди Аллен'],[],['США'],[],['Sarah Dennis'],['Витторио Стораро'],[],2019,95.0,,,,,,2019,,,,
Центурион,https://www.filmpro.ru/movies/5864,8.3,52,['центурион'],"['Боевик', 'Драма', 'Приключения']",['Нил Маршалл'],"['Камерон МакКрекен', 'Ivernel', 'François', 'Кристиан Колсон', 'Дьярмуид МакКиоун', 'Роберт Джонс', 'Энди Стебблинг', 'Ивана Маккиннон', 'Smith', 'Paul (X)']",['Нил Маршалл'],['Илан Эшкери'],[],['Крис Гилл'],['Саймон Боулз'],['Сэм МакКёрди'],[],2010,97.0,988670.0,176429.0,12000000.0,5770499.0,123570.0,2010,2010.0,2010.0,,
Невод,https://www.filmpro.ru/movies/342064,8.3,30,['невод'],['Драма'],['Александра Стреляная'],"['Андрей Новиков', 'Александр Котелевский']",['Александра Стреляная'],[],['Россия'],[],[],['Александр Ланеев'],[],2017,75.0,,,,,,2017,2017.0,,,
В поисках Дори,https://www.filmpro.ru/movies/5418,8.3,73,"['поиск', 'дори']","['Комедия', 'Мультфильм', 'Приключения']","['Эндрю Стэнтон', 'Энгус МакЛэйн']","['Джон Лассетер', 'Боб Роут', 'Линдси Коллинз']","['Эндрю Стэнтон', 'Боб Питерсон', 'Виктория Страуз']",['Томас Ньюман'],['США'],['Эксел Геддес'],[],[],"['2D', '3D', 'IMAX']",2016,103.0,9087214.0,2990613.0,,,,2016,2016.0,2016.0,2016.0,
Байкал. Магия воды,https://www.filmpro.ru/movies/341920,8.3,51,"['байкал', 'магия', 'вода']",['Семейный фильм'],['Анастасия Попова'],"['Игорь Добровольский', 'Юлия Перкуль']",['Марина Бандиленко'],[],"['США', 'Россия', 'Германия', 'Франция']",[],[],"['Вячеслав Красаков', 'Александр Кипер', 'Флориан Майер']",[],2019,89.0,,,,,,2020,,,,
Любовь прет-а-порте,https://www.filmpro.ru/movies/336379,8.3,75,"['любовь', 'переть', 'порт']",['Комедия'],['Макс Нардари'],"['Алексей Пиманов', 'Ольга Погодина', 'Роберто Бесси', 'Пьетро Инноченци']",['Макс Нардари'],['Владимир Давыденко'],['Россия'],[],[],[],[],2016,120.0,260896.0,61167.0,,,,2017,,,,
В гости к Робинсонам,https://www.filmpro.ru/movies/10697,8.2,44,"['гость', 'робинсонам']","['Комедия', 'Мультфильм', 'Приключения']",['Стивен Дж. Андерсон'],"['Джон Лассетер', 'Билл Борден', 'Уильям Джойс', 'Дэвид Дж. Стейнберг', 'Дороти МакКим', 'Кларк Спенсер', 'Макул Уигерт']","['Уильям Джойс', 'Нэйтан Грено', 'Стивен Дж. Андерсон', 'Ширли Пирс', 'Дон Холл', 'Джон Бернштейн', 'Дэниэл Джерсон', 'Роберт Л. Бейрд', 'Ориан Редсон', 'Джозеф Матео', 'Мишель Бочнер']",['Дэнни Элфман'],['США'],['Эллен Кенеши'],['Роб Руппел'],[],[],2007,95.0,794050.0,222253.0,,,,2007,2007.0,2010.0,,
Люди Икс: Начало. Росомаха,https://www.filmpro.ru/movies/5613,8.2,50,"['человек', 'икс', 'начало', 'росомаха']","['Боевик', 'Приключения']",['Гэвин Худ'],"['Хью Джекман', 'Стэн Ли', 'Ричард Доннер', 'Лорен Шулер Доннер', 'Ральф Винтер', 'Питер МакДональд', 'Луис Дж. Фридман', 'Джон Палермо', 'Курт Уильямс', 'Марша Л. Свинтон', 'Уитни Томас']","['Дэвид Бениофф', 'Скип Вудс']",['Гарри Грегсон-Уильямс'],[],"['Николас Де То', 'Меган Гилл']",['Бэрри Робисан'],['Доналд МакЭлпайн'],[],2009,107.0,7550812.0,1575857.0,150000000.0,373062569.0,,2009,2009.0,2009.0,,
"Я, робот",https://www.filmpro.ru/movies/8591,8.2,57,['робот'],"['Боевик', 'Драма', 'Криминал']",['Алекс Пройас'],[],"['Акива Голдсман', 'Айзек Азимов', 'Джеф Винтар']",['Марко Белтрами'],['США'],[],[],['Саймон Дагган'],[],2004,115.0,5895177.0,0.0,120000000.0,347234916.0,144801023.0,2004,2004.0,2008.0,,
Бэтмен: Начало,https://www.filmpro.ru/movies/5882,8.2,1124,"['бэтмен', 'начало']","['Боевик', 'Приключения']",['Кристофер Нолан'],"['Чарльз Ровен', 'Эмма Томас', 'Ларри Дж. Франко', 'Лорни Орлинз', 'Майкл Э. Услан', 'Бенджамин Мельникер', 'Шерил А. Ткач']","['Кристофер Нолан', 'Дэвид С. Гойер', 'Боб Кэйн']","['Ханс Циммер', 'Джеймс Ньютон Ховард']","['США', 'Великобритания']",[],['Натан Краули'],['Уолли Пфистер'],[],2005,140.0,1336886.0,0.0,150000000.0,371853783.0,,2005,2005.0,2009.0,,
Жил-был Дэдпул,https://www.filmpro.ru/movies/343659,8.2,21,"['жил', 'дэдпул']","['Боевик', 'Комедия', 'Фэнтези']",['Дэвид Лейтч'],[],[],[],['США'],[],[],[],[],2018,124.0,,,,,,2019,,,,
Особенные,https://www.filmpro.ru/movies/357369,8.2,55,['особенный'],['Комедия'],"['Оливье Накаш', 'Эрик Толедано']","['Венсан Кассель', 'Николя Дюваль-Адассовски']",['Эрик Толедано'],['Grandbrothers'],['Франция'],['Дориан Ригаль-Ансу'],['Julia Lemaire'],['Антуан Санье'],[],2019,114.0,,,,,,2020,,,,
Зеровилль,https://www.filmpro.ru/movies/348895,8.2,22,['зеровилль'],"['Комедия', 'Драма']",['Джеймс Франко'],"['Винс Джоливетт', 'Майкл Мендельсон', 'Лорен Селиг', 'Рон Сингер', 'Кирк Майкл Феллоуз', 'Кэролайн Арагон', 'Дрю Майкл Галлахер', 'Эбби Данн']","['Йен Олдз', 'Paul Felten']",['Джонни Джевел'],['США'],['Мэтт Дизел'],['Кристен Адамс'],['Брюс Тьерри Чунг'],[],2019,96.0,,,,,,2019,,,,
Железный человек 2,https://www.filmpro.ru/movies/8341,8.2,1336,"['железный', 'человек']","['Боевик', 'Приключения']",['Джон Фавро'],"['Стэн Ли', 'Кевин Файги', 'Джон Фавро', 'Виктория Алонсо', 'Луис Д’Эспозито', 'Сьюзен Дауни', 'Алан Файн', 'Дэвид Майсел', 'Дэнис Л. Стюарт', 'Джереми Латчем', 'Эрик Хеффрон']","['Стэн Ли', 'Джек Кирби', 'Ларри Либер', 'Дон Хек']",['Джон Дебни'],[],"['Ричард Пирсон', 'Дэн Лебентал']",['Дж. Майкл Рива'],['Мэттью Либатик'],[],2010,124.0,14698862.0,2482719.0,,,,2010,2010.0,,,
Погребальные байки,https://www.filmpro.ru/movies/357902,8.2,51,"['погребальный', 'байка']",['Ужасы'],['Райан Р. Спинделл'],"['Кристофер Алендер', 'Бен Хеткот', 'Лара Кадди', 'Марк Э. Дэвидсон', 'Тодд Бро', 'Элисон Фридман', 'Рич Менто']",['Райан Р. Спинделл'],[],['США'],"['Эрик Экман', 'Джозеф Шахуд']",['Лоурен Фицсиммонс'],['Эли Смолкин'],[],2019,108.0,,,,,,2020,,,,
Тор 2: Царство тьмы,https://www.filmpro.ru/movies/8322,8.2,228,"['тор', 'царство', 'тьма']","['Боевик', 'Приключения']",['Алан Тейлор'],"['Стэн Ли', 'Кевин Файги', 'Виктория Алонсо', 'Луис Д’Эспозито', 'Алан Файн', 'Крэйг Кайл', 'Найджел Гостелоу', 'Лейфур Б. Дагфиннссон']","['Стэн Ли', 'Джек Кирби', 'Кристофер Маркус', 'Стивен МакФили', 'Ларри Либер', 'Кристофер Йост', 'Дон Пэйн']",[],['США'],[],[],['Крамер Моргенто'],"['2D', '3D', 'IMAX']",2013,112.0,35908146.0,4268931.0,,,,2013,2013.0,2014.0,2014.0,
Ночная прогулка,https://www.filmpro.ru/movies/358362,8.2,29,"['ночной', 'прогулка']",[],[],[],[],[],[],[],[],[],[],2019,,,,,,,2021,,,,
Керосин,https://www.filmpro.ru/movies/344152,8.2,68,['керосин'],['Драма'],['Юсуп Разыков'],"['Юсуп Разыков', 'Владимир Кислицын', 'Денис Лузанов', 'Михаил Молотов', 'Александр Гадалов']",[],[],['Россия'],[],[],[],[],2019,77.0,,,,,,2020,2019.0,,,
Тайная жизнь,https://www.filmpro.ru/movies/344025,8.2,54,"['тайный', 'жизнь']","['Биографический фильм', 'Военный фильм', 'Драма']",['Терренс Малик'],"['Хеннинг Молфентер', 'Чарли Вебкен', 'Кристоф Фиссер', 'Грант Хилл', 'Мэтт Билски', 'Элизабет Бентли', 'Маркус Лоджс', 'Дарио Берджесио']",['Терренс Малик'],['Джеймс Ньютон Ховард'],"['США', 'Германия']",[],['Себастьян Т. Кравинкель'],['Йорг Видмер'],[],2019,180.0,,,,,,2020,2019.0,,,
Древо жизни,https://www.filmpro.ru/movies/5018,8.2,64,"['древо', 'жизнь']","['Драма', 'Фэнтези']",['Терренс Малик'],"['Брэд Питт', 'Сара Грин', 'Деде Гарднер', 'Грант Хилл', 'Стив Шварц', 'Pohlad', 'Bill', 'Паула Мэй Шварц', 'Сандхия Шарданан', 'Сьюзэн Кирр', 'Дональд Розенфельд', 'Иван Бесс', 'Грег Элиасон', 'Найджел Эшкрофт']",['Терренс Малик'],['Александр Деспла'],['США'],"['Джей Рабиновиц', 'Билли Вебер', 'Дэниэл Резенде', 'Хэнк Коруин', 'Марк Ёшикава']",['Джек Фиск'],['Эммануэль Любецки'],[],2011,139.0,2578719.0,337053.0,32000000.0,62303319.0,13303319.0,2011,2011.0,2011.0,,
Кунг-фу Панда 2,https://www.filmpro.ru/movies/5115,8.2,965,"['кунг', 'панда']","['Боевик', 'Мультфильм', 'Приключения']",['Дженнифер Ю'],"['Гильермо дель Торо', 'Джонатан Айбел', 'Гленн Бергер', 'Мелисса Кобб']","['Джонатан Айбел', 'Гленн Бергер']","['Ханс Циммер', 'Powell', 'John (I)']",[],[],[],[],"['2D', '3D', 'IMAX']",2011,91.0,31578651.0,4487331.0,150000000.0,665668449.0,165249063.0,2011,2011.0,2011.0,,
Илья Муромец и Соловей Разбойник,https://www.filmpro.ru/movies/9456,8.2,29,"['илья', 'муромец', 'соловей', 'разбойник']","['Комедия', 'Мультфильм', 'Приключения']",['Владимир Торопчин'],[],[],[],['Россия'],[],[],[],[],2007,80.0,9783675.0,1886098.0,2000000.0,,,2007,2007.0,2009.0,,
Крик 4,https://www.filmpro.ru/movies/8445,8.2,25,['крик'],"['Мистика', 'Ужасы']",['Уэс Крэйвен'],"['Харви Вайнштейн', 'Боб Вайнштейн', 'Уэс Крэйвен', 'Кевин Уильямсон', 'Schmidt', 'Ron (I)', 'Карли Фейнголд', 'Марианн Маддалена', 'Ия Лабунка']",['Кевин Уильямсон'],['Марко Белтрами'],['США'],['Питер МакНалти'],['Адам Штокхаузен'],['Питер Диминг'],[],2011,111.0,4136386.0,659720.0,40000000.0,73717817.0,38200000.0,2011,2011.0,2011.0,,
На крючке,https://www.filmpro.ru/movies/5690,8.2,36,['крючке'],"['Боевик', 'Мистика', 'Триллер']",['Ди Джей Карузо'],"['Стивен Спилберг', 'Алекс Куртцман', 'Роберто Орси', 'Патрик Краули', 'Джеймс М. Фрейтаг', 'Эдвард МакДоннел', 'Ризелле Мендоза', 'Пит Чиарелли']","['Дэн МакДермотт', 'Хиллари Сайц', 'Трэвис Райт', 'Джон Гленн']",['Брайан Тайлер'],"['США', 'Германия']",['Джим Пейдж'],['Томас Е. Сандерс'],['Дариуш Вольски'],[],2008,118.0,4640018.0,738898.0,80000000.0,178066569.0,101440743.0,2008,2008.0,2009.0,,
Люди Икс,https://www.filmpro.ru/movies/5839,8.2,432,"['человек', 'икс']","['Боевик', 'Приключения']",['Брайан Сингер'],"['Стэн Ли', 'Кевин Файги', 'Ави Арад', 'Ричард Доннер', 'Лорен Шулер Доннер', 'Ральф Винтер', 'DeSanto', 'Tom', 'Билл Тодман мл.', 'Скотт Нимерфро', 'Джоэль Саймон', 'Мэттью Эдельман']","['Брайан Сингер', 'Дэвид Хэйтер', 'DeSanto', 'Tom']",['Майкл Кэмен'],['США'],"['Стивен Розенблюм', 'Кевин Ститт', 'Джон Райт']",['Джон Мир'],['Ньютон Томас Сигел'],[],2000,104.0,1129095.0,445999.0,75000000.0,296250053.0,157299717.0,2000,2000.0,2008.0,2009.0,
Гран Торино,https://www.filmpro.ru/movies/8842,8.2,32,"['гран', 'торино']",['Драма'],['Клинт Иствуд'],"['Клинт Иствуд', 'Брюс Берман', 'Роберт Лоренц', 'Билл Гербер', 'Тим Мур', 'Дженет Кан', 'Адам Ричман']",['Ник Шенк'],"['Кайл Иствуд', 'Майкл Стивенс']","['США', 'Германия']","['Джоэль Кокс', 'Гари Роач']",['Джеймс Дж. Мураками'],['Том Стерн'],[],2008,116.0,386535.0,65349.0,33000000.0,262185755.0,,2009,2008.0,2009.0,,
7 главных желаний,https://www.filmpro.ru/movies/6058,8.2,28,"['главный', 'желание']","['Комедия', 'Драма']",['Вадим Соколовский'],"['Алексей Учитель', 'Кира Саксаганская']",['Вадим Соколовский'],[],['Россия'],"['Елена Андреева', 'Екатерина Шахунова']",[],"['Фёдор Лясс', 'Кирилл Зоткин']",[],2013,80.0,466469.0,77688.0,,,,2013,2013.0,,,
Ледниковый период 4: Континентальный дрейф,https://www.filmpro.ru/movies/5794,8.2,2137,"['ледниковый', 'период', 'континентальный', 'дрейф']","['Комедия', 'Мультфильм', 'Приключения']","['Майк Трумейер', 'Стив Мартино']",['Лори Форте'],"['Джейсон Фукс', 'Майкл Берг', 'Майк Рейсс']","['Powell', 'John (I)']",['США'],"['Дэвид Йен Сэлтер', 'Palumbo', 'James (I)']",[],['Ренато Фалькао'],"['2D', '3D']",2012,88.0,50067552.0,7695884.0,,,,2012,2012.0,2012.0,2012.0,
Жизнь других,https://www.filmpro.ru/movies/5535,8.2,50,['жизнь'],"['Драма', 'Триллер']",['Флориан Хенкель фон Доннерсмарк'],"['Флориан Хенкель фон Доннерсмарк', 'Квирин Берг', 'Макс Видерманн', 'Клаудия Гладзижевски']",['Флориан Хенкель фон Доннерсмарк'],"['Габриэль Яред', 'Moucha', 'Stéphane']",['Германия'],['Патриция Роммель'],['Силке Бур'],['Хаген Богданский'],[],2006,137.0,289692.0,0.0,2000000.0,25984657.0,11286112.0,2007,2006.0,2007.0,,
ВМаяковский,https://www.filmpro.ru/movies/342072,8.2,28,['вмаяковский'],"['Биографический фильм', 'Драма']",['Александр Шейн'],"['Юрий Колокольников', 'Гия Лордкипанидзе', 'Виктор Такнов', 'Ольга Давыдова', 'Владимир Водолагин']","['Александр Шейн', 'Ирина Марголина', 'Денис Нейманд', 'Аркадий Ваксберг', 'Владимир Громов']","['Антон Адасинский', 'Демьян Курченко', 'Арсений Трофим', 'Борис Андрианов']",['Россия'],"['Сергей Иванов', 'Александр Шейн', 'Александр Шапиро', 'Ксения Филиппова']","['Евгений Митта', 'Степан Лукьянов', 'Дмитрий Гутов', 'Стас Багс', 'Гвидон Агаянц']",['Йорг Грубер'],[],2018,122.0,,,,,,2019,,,,
Эван Всемогущий,https://www.filmpro.ru/movies/15220,8.2,62,"['эван', 'всемогущий']","['Комедия', 'Семейный фильм', 'Фэнтези']",['Том Шэдьяк'],"['Том Хэнкс', 'Роджер Бернбаум', 'Гари Барбер', 'Гари Гоэцман', 'Нил Х. Мориц', 'Том Шэдьяк', 'Мэтт Любер', 'Илона Херцберг', 'Джонатан Уотсон', 'Майкл Бостик', 'Джейсон Уилсон', 'Ори Мармур', 'Аманда Морган Палмер', 'Джанет Л. Уоттлес', 'Дэйв Филлипс']","['Стив Одекерк', 'Стив Корен', 'Алек Соколов', 'Марк О’Кифи']",['John Debney'],['США'],['Скотт Хилл'],"['Линда Дессенна', 'Джуди Л. Рускин', 'Рик МакЭлвин', 'Джеймс Недза']",['Иэн Бейкер'],[],2007,96.0,3342333.0,682604.0,,,,2007,2007.0,2008.0,,
Мальчишник. Часть III,https://www.filmpro.ru/movies/8964,8.2,128,"['мальчишник', 'часть', 'iii']","['Комедия', 'Криминал']",['Тодд Филлипс'],"['Тодд Филлипс', 'Томас Тулл', 'Дж.С. Спинк', 'Дэниэл Голдберг', 'Скотт Будник']","['Тодд Филлипс', 'Крэйг Мейзин', 'Джон Лукас', 'Скотт Мур']",['Кристоф Бек'],['США'],[],[],['Лоуренс Шер'],[],2013,100.0,17621828.0,2427122.0,103000000.0,,,2013,2013.0,2013.0,2013.0,
Голодные игры: И вспыхнет пламя,https://www.filmpro.ru/movies/5023,8.2,154,"['голодный', 'игра', 'вспыхнуть', 'пламя']","['Боевик', 'Мистика', 'Приключения']",['Френсис Лоуренс'],"['Джон Килик', 'Нина Джейкобсон']","['Майкл Арндт', 'Саймон Бофой', 'Сюзанн Коллинз']",[],['США'],[],[],[],"['2D', 'IMAX']",2013,146.0,23746780.0,3384050.0,,,,2013,2013.0,,,
Конец света,https://www.filmpro.ru/movies/8501,8.2,36,"['конец', 'свет']",['Драма'],[],"['Фернандо Бовайра', 'Белен Атьенца', 'Мерседес Гамеро', 'Микель Лехарса', 'Энрике Лопез Лавин']","['Серджо Дж. Санчез', 'Хорхе Геррикэчеваррия']",['Лусио Годой'],['Испания'],[],[],[],[],2012,88.0,2932.0,509.0,,,,2012,2012.0,2013.0,2013.0,
Робокар Поли: Приключение в Брумтауне,https://www.filmpro.ru/movies/357380,8.2,24,"['робокар', 'поли', 'приключение', 'брумтауне']","['Мультфильм', 'Семейный фильм']",['Ом Джун-ён'],"['Ли Донг-ву', 'Пак Чон-мин', 'Нам Хан-гил']",[],[],['Южная Корея'],[],[],[],[],2019,70.0,,,,,,2019,,,,
Сказки Гофмана,https://www.filmpro.ru/movies/359573,8.2,24,"['сказка', 'гофман']","['Комедия', 'Драма']",['Тина Баркалая'],"['Екатерина Филиппова', 'Ольга Ажнакина', 'Андрей Курченко']",['Тина Баркалая'],[],['Россия'],[],[],['Константин Эсадзе'],[],2022,98.0,,,,,,2024,,,,
Мисс Конгениальность,https://www.filmpro.ru/movies/8584,8.2,23,"['мисс', 'конгениальность']","['Боевик', 'Комедия', 'Криминал']",['Дональд Питри'],[],"['Марк Лоуренс', 'Кэти Форд']",['Эд Ширмёр'],['США'],[],[],['Ласло Ковач'],[],2000,109.0,408268.0,0.0,45000000.0,212742720.0,106807667.0,2001,2000.0,2011.0,,
Люди в чёрном 3,https://www.filmpro.ru/movies/8656,8.2,1594,"['человек', 'чёрный']","['Боевик', 'Комедия', 'Научно-фантастический']",['Барри Зонненфельд'],"['Стивен Спилберг', 'Уолтер Ф. Паркс', 'Лори МакДональд', 'Дж. Мак Браун']","['Итан Коэн', 'Дэвид Кепп', 'Джефф Натансон', 'Лоуелл Каннингэм']",[],['США'],['Уэйн Уормэн'],['Бо Уэлш'],['Билл Поуп'],"['2D', '3D', 'IMAX']",2012,106.0,36693849.0,4559028.0,,,,2012,2012.0,2012.0,2012.0,
Американская история Х,https://www.filmpro.ru/movies/8049,8.2,39,"['американский', 'история']","['Драма', 'Криминал']",['Тони Кэй'],[],[],[],['США'],[],[],[],[],1998,119.0,11617.0,0.0,20000000.0,23875127.0,6719864.0,1999,1998.0,2008.0,,
Динозавр,https://www.filmpro.ru/movies/283465,8.2,32,['динозавр'],"['Мультфильм', 'Семейный фильм', 'Приключения']","['Ральф Зондаг', 'Эрик Лейтон']","['Бэйкер Бладуорф', 'Джим Бертон', 'Пэм Мэрсден']","['Джон Харрисон', 'Уолон Грин', 'Ретт Риз', 'Ральф Зондаг', 'Ширли Пирс', 'Роберт Нелсон Джекобс', 'Том Энрикез', 'Тамара Лушер', 'Грегори Гюнтер']",['Джеймс Ньютон Ховард'],['США'],['Х. Ли Петерсон'],"['Уолтер П. Мартишиус', 'Кристи Мальтезе']","['Стивен Дуглас Смит', 'Дэвид Р. Хардбергер']",[],2000,82.0,274046.0,0.0,,,,2000,2000.0,2009.0,,
Мадагаскар 3,https://www.filmpro.ru/movies/9013,8.2,1538,['мадагаскар'],"['Комедия', 'Мультфильм', 'Приключения']",['Эрик Дарнелл'],"['Мирей Сория', 'Марк Свифт']",['Ноа Баумбах'],[],['США'],[],[],[],"['2D', '3D', 'IMAX']",2012,93.0,48934652.0,7444679.0,145000000.0,277451000.0,120451000.0,2012,2012.0,2012.0,2012.0,
Хоббит: Нежданное путешествие,https://www.filmpro.ru/movies/9112,8.2,2552,"['хоббит', 'нежданный', 'путешествие']","['Семейный фильм', 'Приключения', 'Фэнтези']",['Питер Джексон'],"['Питер Джексон', 'Тоби Эммерих', 'Фрэнсис Уолш', 'Алан Хорн', 'Филиппа Бойенс', 'Кен Каминс', 'Кэролинн Каннингэм', 'Каллум Грин']","['Питер Джексон', 'Гильермо дель Торо', 'Фрэнсис Уолш', 'Филиппа Бойенс']",['Говард Шор'],"['США', 'Новая Зеландия']",['Джэбез Олссен'],[],['Эндрю Лесни'],"['2D', '3D', 'IMAX']",2012,169.0,44106437.0,4652054.0,,,,2012,2012.0,2013.0,2013.0,
Крепкий орешек 4.0,https://www.filmpro.ru/movies/8666,8.1,748,"['крепкий', 'орешек']","['Боевик', 'Приключения', 'Триллер']",['Лен Уайзман'],"['Стивен Дж. Идс', 'Майкл Фоттрел', 'Уильям Уишер мл.', 'Арнольд Рифкин']","['Марк Бомбэк', 'Родерик Торп', 'Джон Карлин', 'Дэвид Маркони']",['Марко Белтрами'],"['США', 'Великобритания']",['Николас Де То'],['Патрик Татопулос'],['Саймон Дагган'],[],2007,128.0,8757131.0,1535136.0,110000000.0,383531541.0,,2007,2007.0,2008.0,,
Француз,https://www.filmpro.ru/movies/344073,8.1,29,['француз'],"['Драма', 'Исторический фильм']",['Андрей Смирнов'],"['Валерий Тодоровский', 'Андрей Смирнов', 'Елена Прудникова']",['Андрей Смирнов'],[],['Россия'],[],['Владимир Гудилин'],['Юрий Шайгарданов'],[],2019,128.0,,,,,,2019,,,,
Усама,https://www.filmpro.ru/movies/13470,8.1,96,['усама'],['Драма'],['Сиддик Бармак'],"['Мохсен Махмальбаф', 'Макото Уеда', 'Сиддик Бармак', 'Джули ЛеБрок', 'Джулия Фрайзер']",['Сиддик Бармак'],['Мохаммад Реза Дарвиши'],"['Афганистан', 'Япония', 'Ирландия']",['Сиддик Бармак'],['Акбар Али'],['Ибрахим Гафори'],[],2003,83.0,2285.0,0.0,,,,2005,2003.0,,,
Экстремальные гонки,https://www.filmpro.ru/movies/12917,8.1,37,"['экстремальный', 'гонка']","['Боевик', 'Драма', 'Триллер', 'Криминал']","['Вэй Кеунг Лау', 'Сиу Фай Мак', 'Ральф Рикерманн']","['Вэй Кеунг Лау', 'Джон Чонг', 'Рональд Вонг', 'Стефен Лам', 'Лоррэйн Хо', 'Эллен Чанг', 'Элос Галло', 'Янг Йинг', 'Чарли Хау']","['Феликс Чонг', 'Сюити Сигено']",['Чань Квонвин'],"['Гонконг', 'Китай']",['Вонг Хой'],['Сильвер Чунг'],"['Вэй Кеунг Лау', 'Ю-Фай Лаи', 'Ман-Чинг']",[],2005,107.0,1319.0,0.0,,,,2006,2005.0,,,
Дело Коллини,https://www.filmpro.ru/movies/357294,8.1,37,"['дело', 'коллини']","['Драма', 'Триллер', 'Криминал']",['Марко Кройцпайнтнер'],"['Мартин Московиц', 'Кристоф Мюллер', 'Кристин Рот', 'Керстин Шмидбауер', 'Верена Шиллинг', 'Сьюзанн Функе', 'Штефан Гёртнер', 'Марсель Хартгес']","['Кристиан Цюберт', 'Йенс-Фредерик Отто', 'Фердинанд фон Ширах', 'Роберт Голд']",['Бен Лукас Бойсен'],['Германия'],['Йоханнес Хубрих'],['Юзеф Санктьёханзер'],['Якуб Бейнарович'],[],2019,118.0,,,,,,2020,,,,
Чем дальше в лес...,https://www.filmpro.ru/movies/6054,8.1,25,['лес'],"['Комедия', 'Драма', 'Приключения']",['Роб Маршалл'],"['Роб Маршалл', 'Джон ДеЛюка']",['Джеймс Лэпин'],[],['США'],['Уайатт Смит'],[],['Дион Биби'],[],2014,124.0,1881758.0,409838.0,,,,2014,2014.0,2015.0,2015.0,
Законопослушный гражданин,https://www.filmpro.ru/movies/9484,8.1,237,"['законопослушный', 'гражданин']","['Драма', 'Триллер', 'Криминал']",['Ф. Гэри Грей'],"['Джерард Батлер', 'Курт Уиммер', 'Лукас Фостер', 'Марк Гилл', 'Ян Уотермейер', 'Роберт Кац', 'Джефф Дж. Ваксман', 'Алан Сигел', 'Грег Веесер', 'Дэйв Гэйр', 'Нил Сакер', 'Майкл Гогуэн']",['Курт Уиммер'],['Брайан Тайлер'],['США'],['Тарик Анвар'],['Алекс Хайду'],['Джонатан Села'],[],2009,109.0,2116216.0,369210.0,50000000.0,126635256.0,73357727.0,2009,2009.0,2009.0,,
Бойцовский клуб,https://www.filmpro.ru/movies/9199,8.1,1329,"['бойцовский', 'клуб']",['Драма'],['Дэвид Финчер'],"['Арнон Милчэн', 'Арт Линсон', 'Росс Грэйсон Белл']",['Чак Паланик'],['Майкл Симпсон'],"['США', 'Германия']",[],['Алекс Макдауэлл'],['Джефф Кроненвет'],[],1999,139.0,144112.0,0.0,,,,2000,1999.0,,,2019.0
Матрица,https://www.filmpro.ru/movies/4815,8.1,1886,['матрица'],['Боевик'],"['Лана Вачовски', 'Энди Вачовски']","['Лана Вачовски', 'Энди Вачовски', 'Брюс Берман', 'Джоэл Силвер', 'Эрвин Стофф', 'Эндрю Мэйсон', 'Барри М. Осборн', 'Ричард Мириш', 'Дэн Краччиоло', 'Кэрол Хьюз']","['Лана Вачовски', 'Энди Вачовски']","['Davis', 'Don (I)']","['США', 'Австралия']",['Зэк Стэнберг'],['Оуэн Патерсон'],['Билл Поуп'],[],1999,136.0,1899810.0,0.0,,,,1999,1999.0,,,2019.0
Особое мнение,https://www.filmpro.ru/movies/4758,8.1,58,"['особый', 'мнение']","['Боевик', 'Приключения', 'Криминал']",['Стивен Спилберг'],"['Уолтер Ф. Паркс', 'Бонни Кертис', 'Ян де Бонт', 'Рональд Шусетт', 'Серджо Мимика-Геззан', 'Гари Голдман', 'Майкл Доуен', 'Джералд Р. Молен']","['Филип К. Дик', 'Скотт Фрэнк']",['Джон Уильямс'],['США'],['Майкл Кан'],['Алекс Макдауэлл'],['Януш Камински'],[],2002,145.0,2977812.0,0.0,102000000.0,358000000.0,,2002,2002.0,2010.0,,
Залечь на дно в Брюгге,https://www.filmpro.ru/movies/8497,8.1,43,"['залечь', 'дно', 'брюгге']","['Комедия', 'Драма', 'Криминал']",['Мартин МакДонах'],"['Питер Чернин', 'Грэхэм Броадбент', 'Джефф Абберли']",['Мартин МакДонах'],['Картер Бёруэлл'],[],[],[],['Эйгил Брилд'],[],2008,107.0,698364.0,0.0,15000000.0,33384294.0,7800824.0,2008,2008.0,2008.0,,
Военный ныряльщик,https://www.filmpro.ru/movies/7495,8.1,27,"['военный', 'ныряльщик']","['Биографический фильм', 'Драма']",['Джордж Тиллман мл.'],"['Билл Косби', 'Роберт Тейтел', 'Билл Бадалато']",['Скотт Маршалл'],['Марк Айшем'],['США'],[],[],['Энтони Б. Ричмонд'],[],2000,129.0,286584.0,0.0,32000000.0,82343495.0,48818921.0,2001,2000.0,,,
Метро,https://www.filmpro.ru/movies/5909,8.1,164,['метро'],"['Драма', 'Триллер']",['Антон Мегердичев'],"['Игорь Толстунов', 'Сергей Козлов']","['Денис Курышев', 'Виктория Евсеева', 'Дмитрий Сафонов']",['Юрий Потеенко'],['Россия'],[],[],['Сергей Астахов'],[],2012,132.0,12158575.0,1595870.0,9500000.0,,,2013,2013.0,2013.0,2013.0,
Всё и сразу,https://www.filmpro.ru/movies/73221,8.1,23,[],['Комедия'],['Роман Каримов'],"['Андрей Новиков', 'Александр Котелевский', 'Илья Бурец', 'Дмитрий Нелидов']",['Роман Каримов'],[],['Россия'],['Роман Каримов'],[],['Александр Тананов'],[],2013,93.0,3518247.0,577612.0,3000000.0,,,2014,2014.0,2014.0,,
«V» значит Вендетта,https://www.filmpro.ru/movies/8757,8.1,87,"['v', 'вендетта']","['Боевик', 'Драма', 'Триллер']",['Джеймс МакТиг'],"['Лана Вачовски', 'Энди Вачовски', 'Джоэл Силвер', 'Чарли Вебкен', 'Хеннинг Молфентер', 'Лорни Орлинз', 'Бен Уайсбрен', 'Грант Хилл', 'Роберто Малерба', 'Джессика Алан']","['Лана Вачовски', 'Энди Вачовски', 'Дэвид Ллойд']",['Дарио Марианелли'],"['Германия', 'Великобритания']","['Walsh', 'Martin (I)']",['Оуэн Патерсон'],['Эдриан Биддл'],[],2005,132.0,1467709.0,317407.0,54000000.0,131411035.0,70511035.0,2006,2005.0,2011.0,,
Прощание со Сталиным,https://www.filmpro.ru/movies/357506,8.1,20,"['прощание', 'сталин']","['Документальный фильм', 'Исторический фильм']",['Сергей Лозница'],"['Сергей Лозница', 'Мария Шустова-Бейкер']",['Сергей Лозница'],[],"['Литва', 'Нидерланды']",['Даниэлюс Коканаускис'],[],[],[],2019,135.0,,,,,,2020,2019.0,,,
Тысяча слов,https://www.filmpro.ru/movies/5442,8.1,24,"['тысяча', 'слово']","['Драма', 'Короткометражный фильм']",['Брайан Роббинс'],"['Ален Шаба', 'Брайан Роббинс', 'Норман Голайтли', 'Стив Корен', 'Ларс П. Уинтер', 'Кэролайн Бресард', 'Стефани Дэнан', 'Nicolas Giraudi']",['Стив Корен'],[],[],[],['Клэй А. Гриффит'],[],[],2011,91.0,,,40000000.0,20558836.0,18450127.0,2012,2012.0,,,
Батальонъ,https://www.filmpro.ru/movies/9145,8.1,22,['батальонъ'],"['Военный фильм', 'Драма']",['Дмитрий Месхиев'],"['Фёдор Бондарчук', 'Игорь Угольников', 'Илья Бачурин']",['Вадим Соколовский'],['Юрий Потеенко'],['Россия'],['Алексей Маклаков'],[],['Илья Авербах'],[],2015,120.0,7743983.0,2070745.0,7500000.0,,,2015,2015.0,,,
Стукач,https://www.filmpro.ru/movies/5896,8.1,83,['стукач'],"['Боевик', 'Драма', 'Триллер']",['Рик Роман Во'],"['Дуэйн Джонсон', 'Тоби Эммерих', 'Мэтт Джексон', 'Джонатан Кинг', 'Найджел Синклер', 'Гай Ист', 'Джастин Хэйс', 'Дэвид Фаннинг', 'Тобин Армруст', 'Кейт Голдберг', 'Джиллиан Лонгнекер', 'Беки Кросс Тружильо', 'Александр Ив Бруннер', 'Сэм Браун']","['Рик Роман Во', 'Джастин Хэйс']",['Антонио Пинто'],['США'],[],[],['Дана Гонсалес'],[],2013,112.0,1481766.0,214862.0,35000000.0,,,2013,2013.0,2013.0,2013.0,
Тревожный вызов,https://www.filmpro.ru/movies/5122,8.1,73,"['тревожный', 'вызов']","['Триллер', 'Криминал']",['Брэд Андерсон'],"['Майкл Луизи', 'Гай Дж. Лоутен', 'Майкл А. Хелфант']",[],['Джон Дебни'],['США'],[],[],['Том Яцко'],[],2013,94.0,1569391.0,202517.0,13000000.0,,,2013,2013.0,2013.0,,
500 дней лета,https://www.filmpro.ru/movies/4801,8.1,47,"['день', 'лето']","['Документальный фильм', 'Короткометражный фильм']",['Марк Уэбб'],"['Марк С. Уотерс', 'Марк С. Уотерс', 'Джессика Тучински', 'Вероника Брукс', 'Скотт Химэн', 'Стивен Дж. Вульф']","['Скотт Нейстадтер', 'Майкл Х. Вебер']",[],[],['Алан Эдвард Белл'],[],[],[],2009,95.0,552782.0,80385.0,7500000.0,58559042.0,32391374.0,2009,2009.0,2010.0,,
Обливион,https://www.filmpro.ru/movies/8948,8.1,322,['обливион'],"['Боевик', 'Мистика', 'Приключения']",['Джозеф Косински'],"['Джозеф Косински', 'Питер Чернин', 'Дилан Кларк', 'Дункан Хендерсон', 'Бэрри Ливайн']","['Джозеф Косински', 'Майкл Арндт', 'Карл Гайдусек']","['Энтони Гонзалез', 'M83']",['США'],[],['Даррен Гилфорд'],['Клаудио Миранда'],"['2D', 'IMAX']",2013,124.0,19146586.0,2524736.0,130000000.0,,,2013,2013.0,2013.0,2013.0,
28 недель спустя,https://www.filmpro.ru/movies/4849,8.1,23,['неделя'],"['Драма', 'Ужасы']",['Хуан Карлос Фреснадильо'],"['Дэнни Бойл', 'Алекс Гарленд', 'Эндрю МакДональд', 'Энрике Лопез Лавин', 'Бернард Беллью']","['Энрике Лопез Лавин', 'Хуан Карлос Фреснадильо']",['Джон Мерфи'],"['Испания', 'Великобритания']",['Крис Гилл'],['Марк Тилдесли'],['Энрике Шедьяк'],[],2007,100.0,1526581.0,0.0,,64238274.0,28638916.0,2007,2007.0,,,
Тварь,https://www.filmpro.ru/movies/339279,8.1,63,['тварь'],"['Драма', 'Триллер', 'Ужасы']",['Ольга Городецкая'],"['Илья Бурец', 'Павел Зарукин', 'Максим Абрамов', 'Филипп Ламшин', 'Ольга Филипук']","['Ольга Городецкая', 'Анна Кабанова']",[],['Россия'],[],"['Владислав Огай', 'Людмила Гаинцева']",['Илья Овсенев'],[],2019,90.0,,,,,,2019,,,,
Птичий дозор,https://www.filmpro.ru/movies/337240,8.1,22,"['птичий', 'дозор']","['Комедия', 'Мультфильм', 'Семейный фильм', 'Приключения']","['Кристиан Хаас', 'Андреа Блок']","['Михаэль Рёш', 'Кристиан Хаас', 'Андреа Блок']","['Аксель Мельценер', 'Фил Паркер', 'Андреа Блок', 'Грегори Баранс']",['Фрэнк Шрайбер'],['Германия'],['Дирк Штоппе'],[],[],[],2019,88.0,,,,,,2019,,,,
Колония,https://www.filmpro.ru/movies/10237,8.1,34,['колония'],"['Боевик', 'Ужасы']",['Джефф Ренфро'],"['Пьер Ивен', 'Пол Баркин', 'Ной Сигал', 'Марк Слоун', 'Мари-Клод Пулен', 'Марк Шаберг', 'Мэттью Керви', 'Питер М. Грэхэм II']","['Джефф Ренфро', 'Свет Русков']",['Джефф Дэнна'],['Канада'],['Аарон Маршалл'],[],['Пьер Гилл'],"['2D', '3D']",2013,95.0,487786.0,52154.0,16000000.0,,,2014,2013.0,2014.0,,
Зодиак,https://www.filmpro.ru/movies/8470,8.1,94,['зодиак'],"['Драма', 'Исторический фильм', 'Криминал']",['Дэвид Финчер'],[],[],[],[],[],[],[],[],2007,157.0,786687.0,129101.0,65000000.0,84785914.0,33080084.0,2007,2007.0,2011.0,,
Люди Икс: Дни минувшего будущего,https://www.filmpro.ru/movies/6014,8.1,187,"['человек', 'икс', 'дни', 'минувший', 'будущее']","['Боевик', 'Приключения']",['Брайан Сингер'],"['Стэн Ли', 'Брайан Сингер', 'Саймон Кинберг', 'Лорен Шулер Доннер', 'Джош МакЛаглен', 'Тодд Халлоуэлл', 'Хатч Паркер']","['Мэттью Вон', 'Саймон Кинберг', 'Джейн Голдман']",['Джон Оттмен'],['США'],['Джон Оттмен'],[],['Ньютон Томас Сигел'],"['2D', '3D']",2014,131.0,22599763.0,3117280.0,250000000.0,,,2014,2014.0,,,
Дом с паранормальными явлениями 2,https://www.filmpro.ru/movies/9947,8.1,48,"['дом', 'паранормальный', 'явление']","['Комедия', 'Фэнтези']",['Майкл Тиддес'],"['Марлон Уайанс', 'Стюарт Форд', 'Брайан Кэвэна-Джонс', 'Стивен Сквилланте', 'Рик Альварез', 'Тодд Кинг']","['Марлон Уайанс', 'Рик Альварез']",[],['США'],['Тим Миркович'],[],['Дэвид Орткис'],[],2014,86.0,1140247.0,191467.0,,,,2014,2014.0,,,
Мегащенки Электролапы и Шиммер и Шайн,https://www.filmpro.ru/movies/357583,8.1,36,"['мегащенки', 'электролапы', 'шиммер', 'шайн']","['Мультфильм', 'Семейный фильм']","['Стив Мур', 'Чарльз Е. Бастьен']","['Дэмиан Темпорале', 'Кит Чэпман', 'Фарназ Эснаашари']","['Робер Ламуре', 'Луиз Мун']","['Бобби Тахури', 'Кайл Питерс']","['США', 'Канада']",[],[],['Чад Вудс'],[],2020,44.0,,,,,,2020,,,,
Ангел-А,https://www.filmpro.ru/movies/13547,8.1,24,['ангел'],"['Комедия', 'Драма', 'Фэнтези']",['Люк Бессон'],"['Люк Бессон', 'Мехди Сайа']",['Люк Бессон'],['Аня Жарбарек'],['Франция'],"['Фридерик Тораваль', 'Кристин Лукас Наварро']","['Жак Бюфнуар', 'Мартен Рапен']",['Тьерри Арбогаст'],[],2005,91.0,622855.0,116944.0,,,,2006,2005.0,2006.0,,
Бэйбэрикээн,https://www.filmpro.ru/movies/343969,8.1,24,['бэйбэрикээн'],['Семейный фильм'],['Константин Тимофеев'],[],[],[],['Россия'],[],[],[],[],2019,77.0,,,,,,2019,,,,
Смывайся,https://www.filmpro.ru/movies/16157,8.1,51,['смывайся'],"['Комедия', 'Мультфильм', 'Приключения']",['Сэм Фелл'],"['Питер Лорд', 'Дэвид Спрокстон', 'Марианн Гарджер', 'Сесил Крамер', 'Стив Пеграм']","['Кристофер Ллойд', 'Питер Лорд', 'Тим Салливан', 'Дик Клемент', 'Уильям Дэвис', 'Йен Ла Френас', 'Сэм Фелл', 'Саймон Най', 'Джо Кинэн', 'Роберт Нелсон Джекобс', 'Пол Фишер']",['Гарри Грегсон-Уильямс'],"['США', 'Великобритания']","['Эрик Дапкевич', 'Джон Вензон']","['Дэвид Джеймс', 'Скотт Уиллс', 'Джейн Пул', 'Пьер-Оливье Винсент']","['Фрэнк Пэссингем', 'Брэд Блэкборн']",[],2006,85.0,5929716.0,1515310.0,,,,2006,2006.0,2011.0,,
Превосходство Борна,https://www.filmpro.ru/movies/8686,8.1,531,"['превосходство', 'борн']","['Боевик', 'Мистика', 'Триллер']",['Пол Гринграсс'],"['Фрэнк Маршалл', 'Даг Лайман', 'Хеннинг Молфентер', 'Патрик Краули', 'Колин Дж. О’Хара', 'Тьерри Поток', 'Эндрю Р. Теннербаум', 'Джеффри М. Уэйнер', 'Пол Сандберг']","['Тони Гилрой', 'Роберт Ладлэм']","['Powell', 'John (I)']",[],"['Ричард Пирсон', 'Кристофер Раус']",['Доминик Уоткинс'],['Оливер Вуд'],[],2004,108.0,1607242.0,394716.0,75000000.0,288500215.0,176241941.0,2004,2004.0,2011.0,,
Можно только представить,https://www.filmpro.ru/movies/340210,8.1,28,['представить'],"['Драма', 'Семейный фильм']","['Эндрю Эрвин', 'Эрвин Бразерс']","['Мики Лиделл', 'Кевин Даунс', 'Пит Шилеймон', 'Скотт Эллис', 'Синди Бонд', 'Дэрил С. Лефевр', 'Трэвис М. Манн', 'Джош Уолш', 'Брент Райан Грин', 'Саймон Суорт', 'Холли Эллис']","['Эрвин Бразерс', 'Брент МакКоркл']",['Пол Миллс'],['США'],"['Эндрю Эрвин', 'Брент МакКоркл']",[],['Кристофер Кимлин'],[],2018,110.0,8139.0,1892.0,,,,2018,2018.0,,,
